age,period,Mean,SD,LB,UB,race,type
1,1,0.0355794703872332,0.00427600553608696,0.0283425851813388,0.0451531182431261,Hispanic,Force of Infection (λ)
2,1,0.0349928637499404,0.00402472610903005,0.0281163268832123,0.0439370379171422,Hispanic,Force of Infection (λ)
3,1,0.034395701027803,0.00377193038863538,0.0278853674916487,0.0427877249472745,Hispanic,Force of Infection (λ)
4,1,0.0337886618766525,0.00351877166385578,0.0276444125408538,0.0415261666587393,Hispanic,Force of Infection (λ)
5,1,0.0331724765895482,0.00326654986432009,0.0273593993066911,0.0403787139454988,Hispanic,Force of Infection (λ)
6,1,0.0325479221347249,0.00301674314670443,0.0271439315012884,0.039107342011615,Hispanic,Force of Infection (λ)
7,1,0.0319158176165627,0.0027710548893624,0.0269137177845262,0.0378839494190399,Hispanic,Force of Infection (λ)
8,1,0.0312770192269353,0.00253148275901904,0.0266520789354301,0.0366790467524281,Hispanic,Force of Infection (λ)
9,1,0.0306324147661903,0.00230041806248789,0.0263823240743815,0.0354765579548157,Hispanic,Force of Infection (λ)
10,1,0.0299829178223697,0.00208078318565087,0.0260954407988348,0.034323864301652,Hispanic,Force of Infection (λ)
11,1,0.029329461703767,0.00187620754699194,0.0257474453891742,0.0331931872980859,Hispanic,Force of Infection (λ)
12,1,0.0286729932233761,0.00169121631200648,0.0254664620347387,0.0320850814710877,Hispanic,Force of Infection (λ)
13,1,0.0280144664342045,0.00153133956356818,0.0250823854956029,0.031063498280728,Hispanic,Force of Infection (λ)
14,1,0.0273548364119409,0.00140292499677018,0.0246196237043982,0.0301106240457348,Hispanic,Force of Infection (λ)
15,1,0.0266950531763681,0.00131231284085304,0.024129293555654,0.0293058716956317,Hispanic,Force of Infection (λ)
16,1,0.0260360558355594,0.00126417172568515,0.0236077924603788,0.0285819727554319,Hispanic,Force of Infection (λ)
17,1,0.0253787670277465,0.00125952324768004,0.0228980450164525,0.0278792736248719,Hispanic,Force of Infection (λ)
18,1,0.0247240877252733,0.00129482118409801,0.0221210060834706,0.0272536584775257,Hispanic,Force of Infection (λ)
19,1,0.0240728924537402,0.00136297782750867,0.0213383644824377,0.0266600699748536,Hispanic,Force of Infection (λ)
20,1,0.0234260249677627,0.00145555253480156,0.0204133580224694,0.026072743966463,Hispanic,Force of Infection (λ)
21,1,0.0227842944131352,0.00156461891039032,0.0194695132808452,0.0255739014189502,Hispanic,Force of Infection (λ)
22,1,0.0221484719939679,0.0016836529859624,0.018514478453596,0.0251154136013271,Hispanic,Force of Infection (λ)
23,1,0.0215192881528503,0.00180765856494085,0.0175585311569823,0.0246720099876221,Hispanic,Force of Infection (λ)
24,1,0.020897430262515,0.00193294716468055,0.0166677271574005,0.0242249111870528,Hispanic,Force of Infection (λ)
25,1,0.0202835408189841,0.00205684170031914,0.0158218437399286,0.0237964407822587,Hispanic,Force of Infection (λ)
26,1,0.0196782161188808,0.00217741439093936,0.0149936797529458,0.023402594271387,Hispanic,Force of Infection (λ)
27,1,0.0190820053975077,0.00229328506041672,0.0141736215463475,0.0231153585536221,Hispanic,Force of Infection (λ)
28,1,0.0184954103994335,0.00240347447465612,0.0133801199664877,0.0227425801948348,Hispanic,Force of Infection (λ)
29,1,0.0179188853496317,0.00250729986426841,0.0126572750833841,0.0223993621034963,Hispanic,Force of Infection (λ)
30,1,0.017352837290615,0.00260430064282688,0.0119576302046624,0.0220766890779654,Hispanic,Force of Infection (λ)
31,1,0.0167976267493906,0.00269418515024313,0.0112260015107289,0.0217378505659189,Hispanic,Force of Infection (λ)
32,1,0.0162535686973406,0.0027767919225621,0.0105781084582093,0.021379381246273,Hispanic,Force of Infection (λ)
33,1,0.0157209337661598,0.00285206102863362,0.00995743036336793,0.0210777594401434,Hispanic,Force of Infection (λ)
34,1,0.0151999496836703,0.00292001244917785,0.00934866952423165,0.0207237415472956,Hispanic,Force of Infection (λ)
35,1,0.0146908028945452,0.00298072944922499,0.00877155695686167,0.0203684848202477,Hispanic,Force of Infection (λ)
36,1,0.014193640332609,0.00303434554886369,0.00825665463414142,0.0200739056513948,Hispanic,Force of Infection (λ)
37,1,0.0137085713133449,0.00308103413426796,0.00773385822550499,0.0197895982275927,Hispanic,Force of Infection (λ)
38,1,0.013235669517427,0.00312100004381693,0.00728597907470119,0.0194782756693573,Hispanic,Force of Infection (λ)
39,1,0.0127749750384421,0.00315447266151576,0.00686104675113474,0.0191645249200459,Hispanic,Force of Infection (λ)
40,1,0.0123264964703913,0.00318170018402235,0.00644083507056468,0.0188094829132468,Hispanic,Force of Infection (λ)
41,1,0.0118902130130147,0.00320294481949969,0.00603315746337217,0.0184897917136499,Hispanic,Force of Infection (λ)
42,1,0.0114660765754115,0.0032184787401306,0.00564904848758262,0.0181872402087611,Hispanic,Force of Infection (λ)
43,1,0.0110540138607912,0.00322858065462141,0.00528742360717157,0.0178526188480684,Hispanic,Force of Infection (λ)
44,1,0.0106539284174683,0.00323353289848106,0.00494201974787297,0.0175348383932654,Hispanic,Force of Infection (λ)
45,1,0.0102657026433649,0.00323361896237411,0.00462346674392968,0.0171996542618818,Hispanic,Force of Infection (λ)
46,1,0.00988919973330992,0.00322912139516594,0.00431883818983595,0.0168800642546073,Hispanic,Force of Infection (λ)
47,1,0.00952426556030104,0.00322032003027872,0.00403309061641356,0.016561126657739,Hispanic,Force of Infection (λ)
48,1,0.00917073048362184,0.0032074904929397,0.00376523137065766,0.0162426192089868,Hispanic,Force of Infection (λ)
49,1,0.00882841107827917,0.00319090295271328,0.00351459405990059,0.015925573671473,Hispanic,Force of Infection (λ)
50,1,0.00849711178164707,0.00317082109097932,0.00328225272692403,0.0156291339037125,Hispanic,Force of Infection (λ)
51,1,0.00817662645447352,0.00314750125717902,0.00307364446054397,0.0153721062617969,Hispanic,Force of Infection (λ)
52,1,0.00786673985453333,0.00312119179099798,0.0028681425292593,0.0150924294215985,Hispanic,Force of Infection (λ)
53,1,0.00756722902219986,0.00309213249040479,0.00267623176259697,0.0147575313562755,Hispanic,Force of Infection (λ)
54,1,0.00727786457806795,0.00306055420776323,0.0025014021503983,0.0144852772130003,Hispanic,Force of Infection (λ)
55,1,0.00699841193349997,0.00302667855819395,0.00233656265254919,0.0141632675511045,Hispanic,Force of Infection (λ)
56,1,0.00672863241559388,0.00299071772605285,0.00217995316966607,0.0138755535962813,Hispanic,Force of Infection (λ)
57,1,0.0064682843085975,0.00295287435687612,0.00203678867927236,0.013588588223717,Hispanic,Force of Infection (λ)
58,1,0.0062171238142243,0.00291334152345275,0.00189978124798042,0.0133044445164507,Hispanic,Force of Infection (λ)
59,1,0.00597490593367354,0.00287230275585701,0.00177017632358158,0.0130229920536636,Hispanic,Force of Infection (λ)
60,1,0.00574138527442895,0.00282993212632602,0.0016491736227456,0.0127207793979768,Hispanic,Force of Infection (λ)
61,1,0.00551631678511476,0.00278639438081786,0.00153738814089836,0.0123999541800208,Hispanic,Force of Infection (λ)
62,1,0.00529945642183234,0.00274184510994733,0.0014322831243878,0.0121192262870481,Hispanic,Force of Infection (λ)
63,1,0.00509056174949413,0.00269643095277852,0.0013340605227439,0.0118531238052866,Hispanic,Force of Infection (λ)
64,1,0.0048893924817188,0.00265028982766436,0.00124247616198834,0.0115973209216246,Hispanic,Force of Infection (λ)
65,1,0.00469571096286065,0.00260355118496993,0.0011570767877101,0.0113461449270022,Hispanic,Force of Infection (λ)
66,1,0.00450928259572178,0.0025563362771042,0.001079007492635,0.0110976361980512,Hispanic,Force of Infection (λ)
67,1,0.00432987621844364,0.00250875844181872,0.00100746307717512,0.0108518885755603,Hispanic,Force of Infection (λ)
68,1,0.00415726443399906,0.00246092339521637,0.000938691265287936,0.010606152634579,Hispanic,Force of Infection (λ)
69,1,0.00399122389561191,0.00241292953135219,0.000873455767087981,0.0103411453201536,Hispanic,Force of Infection (λ)
70,1,0.00383153555132226,0.00236486822570519,0.0008121749070739,0.0100799673763091,Hispanic,Force of Infection (λ)
71,1,0.00367798485079378,0.00231682414015856,0.000756588869977478,0.00983957477512531,Hispanic,Force of Infection (λ)
72,1,0.0035303619173307,0.00226887552744808,0.000703203381327946,0.00959824117307931,Hispanic,Force of Infection (λ)
73,1,0.00338846168793532,0.00222109453332898,0.000655115745789636,0.00935753930278721,Hispanic,Force of Infection (λ)
74,1,0.00325208402409726,0.00217354749497123,0.000610345761521325,0.00910896613007959,Hispanic,Force of Infection (λ)
75,1,0.00312103379586359,0.00212629523432579,0.000567793924735975,0.00887020500321053,Hispanic,Force of Infection (λ)
76,1,0.00299512094159642,0.00207939334541178,0.000528156675422222,0.00863565843829879,Hispanic,Force of Infection (λ)
77,1,0.00287416050568284,0.00203289247465892,0.000491267684812899,0.00839902372250704,Hispanic,Force of Infection (λ)
78,1,0.00275797265632296,0.00198683859360288,0.000456938936431153,0.0081660845361743,Hispanic,Force of Infection (λ)
79,1,0.00264638268538473,0.00194127326337609,0.000424994934251264,0.00793777500456025,Hispanic,Force of Infection (λ)
80,1,0.00253922099218207,0.00189623389056331,0.000395271915390937,0.00772632315933161,Hispanic,Force of Infection (λ)
81,1,0.00243632305290406,0.00185175397410334,0.000367617105910112,0.0075278835578477,Hispanic,Force of Infection (λ)
82,1,0.00233752937729962,0.00180786334301581,0.000341888018274996,0.00731967021295284,Hispanic,Force of Infection (λ)
83,1,0.00224268545410378,0.00176458838481674,0.000318132182786547,0.0071156960128634,Hispanic,Force of Infection (λ)
84,1,0.0021516416865785,0.00172195226456068,0.000296393444729482,0.00691601054162496,Hispanic,Force of Infection (λ)
85,1,0.00206425331943394,0.00167997513451005,0.000275888441612963,0.00672021742930736,Hispanic,Force of Infection (λ)
86,1,0.00198038035829403,0.00163867433448721,0.000256251463066284,0.00652843160843903,Hispanic,Force of Infection (λ)
87,1,0.0018998874827742,0.00159806458301073,0.000238307416012,0.00634091702352774,Hispanic,Force of Infection (λ)
88,1,0.00182264395414861,0.00155815815935645,0.000221750806081534,0.00615560882030825,Hispanic,Force of Infection (λ)
89,1,0.00174852351849915,0.0015189650767165,0.000206426434411953,0.0059653167375838,Hispanic,Force of Infection (λ)
90,1,0.00167740430615862,0.00148049324665646,0.000192158232567461,0.00577982176881335,Hispanic,Force of Infection (λ)
91,1,0.00160916872818642,0.00144274863509287,0.000178873787650505,0.00559907004422986,Hispanic,Force of Infection (λ)
1,2,0.0231556614119087,0.00150948657271695,0.0205639295301862,0.0264624587546213,Hispanic,Force of Infection (λ)
2,2,0.0230979463585374,0.00147408518528328,0.020546823514458,0.0263121692094404,Hispanic,Force of Infection (λ)
3,2,0.023039057791604,0.00143855654768483,0.0205371280979409,0.0261593931244557,Hispanic,Force of Infection (λ)
4,2,0.0229789832564483,0.00140297629870113,0.0205192979605456,0.025980479769928,Hispanic,Force of Infection (λ)
5,2,0.0229177107181761,0.00136743043840948,0.0205010887602122,0.0258314110545915,Hispanic,Force of Infection (λ)
6,2,0.0228552285889665,0.00133201658967665,0.0204791826736629,0.0256724733713545,Hispanic,Force of Infection (λ)
7,2,0.0227915257554939,0.00129684537967077,0.020452168683014,0.0255303415166889,Hispanic,Force of Infection (λ)
8,2,0.0227265916063946,0.0012620419290842,0.0204348558918855,0.0253694443634521,Hispanic,Force of Infection (λ)
9,2,0.0226604160597005,0.00122774742196161,0.0204172242531076,0.0251887203268071,Hispanic,Force of Infection (λ)
10,2,0.022592989590161,0.00119412070760455,0.0203993358248146,0.0250563306783601,Hispanic,Force of Infection (λ)
11,2,0.0225243032563719,0.00116133985623245,0.0203753915719525,0.0249115059378308,Hispanic,Force of Infection (λ)
12,2,0.0224543487276262,0.00112960355040987,0.0203501108731969,0.0247614072960271,Hispanic,Force of Infection (λ)
13,2,0.0223831183104019,0.00109913214407641,0.0203401809609233,0.0246196269781554,Hispanic,Force of Infection (λ)
14,2,0.0223106049743973,0.00107016816171983,0.0203166181044076,0.0244531254017384,Hispanic,Force of Infection (λ)
15,2,0.0222368023780263,0.00104297594682922,0.0202679462336461,0.0242933095722953,Hispanic,Force of Infection (λ)
16,2,0.0221617048932835,0.0010178401119303,0.0202391227042255,0.0241720092727022,Hispanic,Force of Infection (λ)
17,2,0.0220853076298877,0.000995062410440017,0.0202079367739277,0.0240452118207822,Hispanic,Force of Infection (λ)
18,2,0.022007606458616,0.000974956669453712,0.0201597946565194,0.0239319447243004,Hispanic,Force of Infection (λ)
19,2,0.0219285980337368,0.000957841523535355,0.0201008353552208,0.023808334412298,Hispanic,Force of Infection (λ)
20,2,0.021848279814456,0.000944030900016997,0.0200217163306676,0.0236885476657616,Hispanic,Force of Infection (λ)
21,2,0.0217666500852875,0.000933822534563834,0.0199595295004182,0.0235529534506334,Hispanic,Force of Infection (λ)
22,2,0.0216837079752653,0.000927485212353072,0.0198819383148825,0.0234491151399976,Hispanic,Force of Infection (λ)
23,2,0.0215994534759147,0.000925245855011963,0.0198212478958206,0.0233903147043127,Hispanic,Force of Infection (λ)
24,2,0.0215138874579051,0.00092727788246389,0.0197018515826212,0.0233185541519752,Hispanic,Force of Infection (λ)
25,2,0.0214270116863082,0.000933692340325746,0.019603610609563,0.0232350326411029,Hispanic,Force of Infection (λ)
26,2,0.0213388288343925,0.000944533016829313,0.0195010671662366,0.023173721314242,Hispanic,Force of Infection (λ)
27,2,0.0212493424958867,0.000959776201818693,0.0193571482633649,0.0231292660042443,Hispanic,Force of Infection (λ)
28,2,0.0211585571956523,0.000979335002302142,0.0192202451828489,0.0230625476027888,Hispanic,Force of Infection (λ)
29,2,0.0210664783987087,0.0010030674286414,0.0190792118542375,0.0230257665642106,Hispanic,Force of Infection (λ)
30,2,0.0209731125175624,0.00103078698810244,0.0189226295865718,0.0229744163968373,Hispanic,Force of Infection (λ)
31,2,0.0208784669177948,0.00106227436145641,0.0187673259931834,0.0229268088254533,Hispanic,Force of Infection (λ)
32,2,0.0207825499218731,0.00109728887307803,0.0185512401374722,0.022887134409536,Hispanic,Force of Infection (λ)
33,2,0.0206853708111531,0.00113557879346882,0.0183212672139449,0.0228430592452109,Hispanic,Force of Infection (λ)
34,2,0.0205869398260496,0.00117688990904501,0.0181358780844697,0.0228110138773455,Hispanic,Force of Infection (λ)
35,2,0.0204872681643585,0.00122097215511609,0.0179471017673358,0.0227992002329421,Hispanic,Force of Infection (λ)
36,2,0.0203863679777209,0.00126758437768998,0.0177079329140131,0.0227737288162753,Hispanic,Force of Infection (λ)
37,2,0.0202842523662259,0.00131649745451103,0.0174797481969248,0.0227537773536454,Hispanic,Force of Infection (λ)
38,2,0.0201809353711581,0.00136749607986735,0.0172501480228399,0.0227176358814958,Hispanic,Force of Infection (λ)
39,2,0.0200764319659008,0.00142037952713208,0.0170228030265218,0.0226804751680394,Hispanic,Force of Infection (λ)
40,2,0.0199707580450138,0.00147496167386206,0.0168184979887926,0.0226668173082854,Hispanic,Force of Infection (λ)
41,2,0.0198639304115127,0.00153107052723804,0.016584770735525,0.0226524145131377,Hispanic,Force of Infection (λ)
42,2,0.0197559667623808,0.00158854743651605,0.0163350976214345,0.0226302324495129,Hispanic,Force of Infection (λ)
43,2,0.0196468856723548,0.00164724613183089,0.0161094297446004,0.022604054859937,Hispanic,Force of Infection (λ)
44,2,0.0195367065760268,0.00170703168872288,0.0158354174316977,0.0225782424175732,Hispanic,Force of Infection (λ)
45,2,0.0194254497483182,0.00176777948604003,0.0155968809333172,0.0225579925338968,Hispanic,Force of Infection (λ)
46,2,0.0193131362833783,0.00182937420084834,0.01535793710411,0.0225375716050714,Hispanic,Force of Infection (λ)
47,2,0.0191997880719737,0.00189170886648091,0.0151189133282271,0.0225155217105065,Hispanic,Force of Infection (λ)
48,2,0.0190854277774334,0.00195468400754119,0.0148804670645223,0.0224863187427284,Hispanic,Force of Infection (λ)
49,2,0.0189700788102237,0.00201820685730707,0.0146395630875962,0.0224513459204403,Hispanic,Force of Infection (λ)
50,2,0.018853765301227,0.00208219065751805,0.0143890232269606,0.0224296172651256,Hispanic,Force of Infection (λ)
51,2,0.0187365120738063,0.0021465540371367,0.014151982892405,0.0224057098568916,Hispanic,Force of Infection (λ)
52,2,0.0186183446147371,0.00221122046472915,0.0139314623248275,0.0223565982666582,Hispanic,Force of Infection (λ)
53,2,0.0184992890440933,0.00227611776813943,0.0136975549119755,0.0223349922288874,Hispanic,Force of Infection (λ)
54,2,0.0183793720841753,0.00234117771480612,0.0134523187331615,0.0223134585230473,Hispanic,Force of Infection (λ)
55,2,0.0182586210275703,0.00240633564614914,0.0131787286274141,0.0222766545163529,Hispanic,Force of Infection (λ)
56,2,0.0181370637044367,0.00247153015977832,0.012930547092618,0.0222276806350394,Hispanic,Force of Infection (λ)
57,2,0.018014728449105,0.00253670283373221,0.0126640374609652,0.022194478812004,Hispanic,Force of Infection (λ)
58,2,0.0178916440660883,0.00260179798747391,0.0124193799536581,0.022181413882117,Hispanic,Force of Infection (λ)
59,2,0.0177678397955964,0.0026667624749037,0.0121790246311904,0.0221514304855663,Hispanic,Force of Infection (λ)
60,2,0.0176433452786455,0.00273154550516661,0.0119380015473206,0.0221238787643471,Hispanic,Force of Infection (λ)
61,2,0.0175181905218568,0.0027960984875217,0.011684974994629,0.0220957465060931,Hispanic,Force of Infection (λ)
62,2,0.0173924058620349,0.00286037489698882,0.0114497659465928,0.0220779242685176,Hispanic,Force of Infection (λ)
63,2,0.0172660219306162,0.00292433015789518,0.0112165687710938,0.0220682521816197,Hispanic,Force of Infection (λ)
64,2,0.0171390696180753,0.00298792154280854,0.0109802374117643,0.0220583808887553,Hispanic,Force of Infection (λ)
65,2,0.0170115800383759,0.00305110808466659,0.0107726202049184,0.0220303460954485,Hispanic,Force of Infection (λ)
66,2,0.0168835844935492,0.00311385050019795,0.01053368509956,0.0220155354457705,Hispanic,Force of Infection (λ)
67,2,0.0167551144384831,0.00317611112298045,0.0103170646360472,0.0219886472690387,Hispanic,Force of Infection (λ)
68,2,0.0166262014459974,0.00323785384470238,0.0100984527972272,0.0219482571816464,Hispanic,Force of Infection (λ)
69,2,0.016496877172284,0.00329904406338385,0.00989213728570028,0.0219378927487442,Hispanic,Force of Infection (λ)
70,2,0.0163671733227812,0.00335964863748336,0.00967924254089712,0.0219134448741304,Hispanic,Force of Infection (λ)
71,2,0.0162371216185527,0.00341963584496009,0.00945867726743086,0.0219094920712596,Hispanic,Force of Infection (λ)
72,2,0.0161067537632353,0.00347897534648997,0.0092542933357448,0.0219025497821809,Hispanic,Force of Infection (λ)
73,2,0.0159761014106182,0.00353763815214411,0.00902516318323195,0.02187302866237,Hispanic,Force of Infection (λ)
74,2,0.0158451961329094,0.00359559659093457,0.00882190405224681,0.0218398745887061,Hispanic,Force of Infection (λ)
75,2,0.0157140693897458,0.00365282428271618,0.00863045813558383,0.0218063983870724,Hispanic,Force of Infection (λ)
76,2,0.0155827524979943,0.00370929611200665,0.008424048638586,0.021774439028129,Hispanic,Force of Infection (λ)
77,2,0.0154512766023921,0.00376498820335021,0.00822917292692645,0.0217595083130196,Hispanic,Force of Infection (λ)
78,2,0.0153196726470667,0.00381987789790584,0.00803725119551705,0.0217425654792408,Hispanic,Force of Infection (λ)
79,2,0.0151879713479748,0.0038739437309892,0.0078484018770019,0.0217264127175369,Hispanic,Force of Infection (λ)
80,2,0.0150562031662934,0.00392716541033947,0.00766320340294303,0.0217092084206613,Hispanic,Force of Infection (λ)
81,2,0.0149243982827945,0.0039795237949186,0.00748329410348073,0.0216905069809436,Hispanic,Force of Infection (λ)
82,2,0.0147925865732288,0.00403100087408273,0.00730476595963106,0.0216749211857194,Hispanic,Force of Infection (λ)
83,2,0.0146607975847416,0.00408157974699274,0.00712447535371445,0.0216626488003603,Hispanic,Force of Infection (λ)
84,2,0.0145290605133399,0.00413124460215523,0.0069506142236026,0.0216478710865599,Hispanic,Force of Infection (λ)
85,2,0.0143974041824263,0.00417998069700598,0.00677703284142911,0.0216236243415111,Hispanic,Force of Infection (λ)
86,2,0.0142658570224113,0.00422777433746595,0.00660282869793629,0.021602068581916,Hispanic,Force of Infection (λ)
87,2,0.014134447051412,0.00427461285741568,0.0064324151339044,0.0215823224766607,Hispanic,Force of Infection (λ)
88,2,0.0140032018570442,0.00432048459804744,0.0062653638295547,0.0215626837668677,Hispanic,Force of Infection (λ)
89,2,0.0138721485793078,0.00436537888706587,0.00609958527744914,0.0215429176184243,Hispanic,Force of Infection (λ)
90,2,0.0137413138945661,0.00440928601771827,0.00594077404678505,0.0215221450650607,Hispanic,Force of Infection (λ)
91,2,0.0136107240006145,0.0044521972276437,0.0057830998368612,0.0214919570601826,Hispanic,Force of Infection (λ)
1,1,0.0369652458116766,0.00511466748067037,0.0286101709707922,0.0488849519012407,NH Black,Force of Infection (λ)
2,1,0.0360454438948274,0.00473526999631056,0.0282110438898057,0.0469631136362871,NH Black,Force of Infection (λ)
3,1,0.0351162370667447,0.00435720427868434,0.0278420639552747,0.0450623233034484,NH Black,Force of Infection (λ)
4,1,0.0341795739630348,0.00398285010631213,0.0273977712844303,0.0431662706636266,NH Black,Force of Infection (λ)
5,1,0.0332374547298235,0.00361473420185803,0.0269905696530543,0.0412275354156921,NH Black,Force of Infection (λ)
6,1,0.0322919107454434,0.00325556484505559,0.0265148728820775,0.0393310859661809,NH Black,Force of Infection (λ)
7,1,0.0313449840688994,0.00290830248055432,0.0260606722174692,0.037503669724938,NH Black,Force of Infection (λ)
8,1,0.0303987071268769,0.00257628561988573,0.0255980021037585,0.0358442596205692,NH Black,Force of Infection (λ)
9,1,0.0294550831194088,0.00226343848021371,0.0251209540640463,0.0342627046747106,NH Black,Force of Infection (λ)
10,1,0.0285160675720847,0.00197458902840285,0.0246580479676933,0.0325837627873181,NH Black,Force of Infection (λ)
11,1,0.0275835513950719,0.00171589991413261,0.0242015424604877,0.0311208657259691,NH Black,Force of Infection (λ)
12,1,0.0266593457320506,0.00149529108048407,0.0236784956140789,0.0296458058983413,NH Black,Force of Infection (λ)
13,1,0.0257451688011446,0.00132237820016589,0.0232011299257149,0.0283607958240975,NH Black,Force of Infection (λ)
14,1,0.0248426348501516,0.00120687233147652,0.0225321011169371,0.0272228298946306,NH Black,Force of Infection (λ)
15,1,0.0239532452739596,0.00115455652211854,0.0217377805926821,0.0261884196656004,NH Black,Force of Infection (λ)
16,1,0.0230783818759469,0.00116272680223813,0.0208040918805135,0.0252671968609023,NH Black,Force of Infection (λ)
17,1,0.02221930219925,0.00121988032237974,0.0197525287550667,0.024463852012033,NH Black,Force of Infection (λ)
18,1,0.0213771368088669,0.00131059203298846,0.0185641835065615,0.0237427917162226,NH Black,Force of Infection (λ)
19,1,0.0205528883716435,0.00142070589019358,0.0173542662416107,0.0230375236943755,NH Black,Force of Infection (λ)
20,1,0.0197474323576495,0.00153953805505398,0.0161730765936301,0.0223169728280147,NH Black,Force of Infection (λ)
21,1,0.0189615191722536,0.0016597900816858,0.015071948799032,0.0217079382731828,NH Black,Force of Infection (λ)
22,1,0.0181957775220948,0.0017767163501031,0.0140154321040024,0.0210914236610741,NH Black,Force of Infection (λ)
23,1,0.0174507188187426,0.0018873205458917,0.0130475822317908,0.0205007664507911,NH Black,Force of Infection (λ)
24,1,0.0167267424298045,0.00198976887893851,0.0121444327431438,0.0199226259727125,NH Black,Force of Infection (λ)
25,1,0.0160241415972865,0.00208299885814842,0.0112989503541334,0.0193784462506329,NH Black,Force of Infection (λ)
26,1,0.0153431098560037,0.00216646505660621,0.0104843417492367,0.0189161672260537,NH Black,Force of Infection (λ)
27,1,0.0146837477997666,0.00223997341614669,0.00971998940878361,0.0184462140020721,NH Black,Force of Infection (λ)
28,1,0.0140460700590917,0.00230357149527586,0.00898713439290929,0.0180059998812479,NH Black,Force of Infection (λ)
29,1,0.0134300123706162,0.00235747415556406,0.00829495162315712,0.0175194642200055,NH Black,Force of Infection (λ)
30,1,0.0128354386346737,0.0024020120326026,0.00765840154374509,0.0170596319040706,NH Black,Force of Infection (λ)
31,1,0.0122621478732119,0.00243759496795789,0.00707587702608853,0.0165852278712762,NH Black,Force of Infection (λ)
32,1,0.0117098810150775,0.00246468550564662,0.00654422961123867,0.0161321337214625,NH Black,Force of Infection (λ)
33,1,0.0111783274494615,0.00248377933403584,0.00604257202086807,0.0157310056338413,NH Black,Force of Infection (λ)
34,1,0.010667131300854,0.00249539064469043,0.00556871453429312,0.0153171501481881,NH Black,Force of Infection (λ)
35,1,0.0101758973901323,0.00250004105889453,0.00513007364223087,0.014884336839024,NH Black,Force of Infection (λ)
36,1,0.0097041968563988,0.0024982512028886,0.00472832595394002,0.0144957678012249,NH Black,Force of Infection (λ)
37,1,0.00925157242289761,0.00249053429059859,0.00435684566016571,0.0141027793437971,NH Black,Force of Infection (λ)
38,1,0.00881754329785322,0.00247739125542353,0.00402067942655644,0.0136985575248118,NH Black,Force of Infection (λ)
39,1,0.00840160970743726,0.00245930709541713,0.00369951275897804,0.0133111860455545,NH Black,Force of Infection (λ)
40,1,0.00800325706338904,0.0024367481804066,0.00340048583209019,0.0129180188993069,NH Black,Force of Infection (λ)
41,1,0.00762195977217341,0.00241016032861477,0.00312459918978046,0.0125316255483945,NH Black,Force of Infection (λ)
42,1,0.00725718469605929,0.00237996750264668,0.0028701461554679,0.0121554604263501,NH Black,Force of Infection (λ)
43,1,0.00690839427923882,0.0023465710056924,0.00263581668440117,0.0117968975815391,NH Black,Force of Infection (λ)
44,1,0.00657504935417505,0.00231034908201244,0.00241538148503196,0.0114284800870628,NH Black,Force of Infection (λ)
45,1,0.00625661164485419,0.0022716568435345,0.00222171030281915,0.0110784180373764,NH Black,Force of Infection (λ)
46,1,0.00595254598461013,0.00223082645825789,0.00203896438369308,0.0107348397883242,NH Black,Force of Infection (λ)
47,1,0.00566232226676021,0.00218816754718702,0.00187105041342033,0.0103967525880083,NH Black,Force of Infection (λ)
48,1,0.00538541714651156,0.0021439677454257,0.00171677620161923,0.0100581194289515,NH Black,Force of Infection (λ)
49,1,0.0051213155125283,0.00209849339036623,0.00157509205433836,0.0097416894713374,NH Black,Force of Infection (λ)
50,1,0.00486951174624737,0.00205199030596169,0.00144490509273438,0.00942495761121633,NH Black,Force of Infection (λ)
51,1,0.00462951078654198,0.00200468465713898,0.00132531350581506,0.00911322744611551,NH Black,Force of Infection (λ)
52,1,0.00440082901669939,0.00195678385268409,0.00121886303030059,0.00881093343737184,NH Black,Force of Infection (λ)
53,1,0.00418299498994018,0.00190847747855676,0.00112145837987837,0.00850467766612657,NH Black,Force of Infection (λ)
54,1,0.00397555000888916,0.00185993824667758,0.00103129530863934,0.00823416641946549,NH Black,Force of Infection (λ)
55,1,0.00377804857354129,0.00181132294686538,0.000944311024163829,0.00795570927489419,NH Black,Force of Infection (λ)
56,1,0.00359005871136949,0.0017627733918543,0.000864591411457255,0.00769060014642325,NH Black,Force of Infection (λ)
57,1,0.00341116220231386,0.00171441734724424,0.000791541406332705,0.00741911356596306,NH Black,Force of Infection (λ)
58,1,0.00324095471048823,0.00166636943988271,0.000724678404775463,0.00716158997868364,NH Black,Force of Infection (λ)
59,1,0.00307904583355108,0.00161873203957797,0.000663619138752654,0.00691522754571146,NH Black,Force of Infection (λ)
60,1,0.00292505907982357,0.00157159611023579,0.000607354494577254,0.00669542214068821,NH Black,Force of Infection (λ)
61,1,0.00277863178240414,0.00152504202752384,0.000555830284667478,0.006461139689639,NH Black,Force of Infection (λ)
62,1,0.00263941495873248,0.00147914036102148,0.000508908879768418,0.00622649911736961,NH Black,Force of Infection (λ)
63,1,0.00250707312329883,0.00143395261953068,0.000466312542823712,0.0059987839605958,NH Black,Force of Infection (λ)
64,1,0.00238128406048016,0.00138953195882317,0.000427265077781157,0.0057781012661335,NH Black,Force of Infection (λ)
65,1,0.00226173856381404,0.00134592385159631,0.000391472825559834,0.00557628403670844,NH Black,Force of Infection (λ)
66,1,0.00214814014739413,0.00130316671981896,0.000358666631359055,0.00536779322775283,NH Black,Force of Infection (λ)
67,1,0.00204020473448835,0.00126129252998113,0.000328609505215094,0.00516576196989476,NH Black,Force of Infection (λ)
68,1,0.0019376603279405,0.00122032735202865,0.000301071114611146,0.0049703469460922,NH Black,Force of Infection (λ)
69,1,0.00184024666641777,0.0011802918829744,0.000275833251809259,0.00478330467488452,NH Black,Force of Infection (λ)
70,1,0.00174771487010827,0.00114120193634117,0.000252704901410332,0.00460530955952198,NH Black,Force of Infection (λ)
71,1,0.00165982707905247,0.00110306889871273,0.000231510720356257,0.00443723136405177,NH Black,Force of Infection (λ)
72,1,0.00157635608690891,0.00106590015475739,0.000212089782334967,0.00427085285763551,NH Black,Force of Infection (λ)
73,1,0.00149708497260492,0.00102969948214682,0.000194472228110049,0.00411035804579522,NH Black,Force of Infection (λ)
74,1,0.00142180673200596,0.000994467417826432,0.000178341102147721,0.00395713019790873,NH Black,Force of Infection (λ)
75,1,0.00135032391144963,0.000960201597107795,0.000163545501982519,0.00380892390308583,NH Black,Force of Infection (λ)
76,1,0.00128244824473146,0.000926897067050319,0.000149975258608141,0.00366573443023008,NH Black,Force of Infection (λ)
77,1,0.001218000294896,0.000894546575582883,0.000137529227036186,0.00352743157294082,NH Black,Force of Infection (λ)
78,1,0.00115680910197704,0.000863140837788624,0.000126114557325032,0.0033941135092479,NH Black,Force of Infection (λ)
79,1,0.00109871183764382,0.000832668780739784,0.000115646022865347,0.00326545585415187,NH Black,Force of Infection (λ)
80,1,0.00104355346754241,0.00080311776822663,0.000106045401688288,0.0031412783177933,NH Black,Force of Infection (λ)
81,1,0.000991186421972692,0.000774473806676287,9.72417335802523e-05,0.00302145465112092,NH Black,Force of Infection (λ)
82,1,0.000941470275409899,0.000746721733505689,8.8973161669485e-05,0.00290585990055636,NH Black,Force of Infection (λ)
83,1,0.000894271435262506,0.000719845389098501,8.13858979026419e-05,0.00279437058865865,NH Black,Force of Infection (λ)
84,1,0.000849462840156247,0.000693827773540073,7.44451113010878e-05,0.00268686487638651,NH Black,Force of Infection (λ)
85,1,0.000806923667943706,0.000668651189188016,6.80958060734208e-05,0.00258433958979457,NH Black,Force of Infection (λ)
86,1,0.000766539053560546,0.000644297370099415,6.22919461456092e-05,0.00248570661144262,NH Black,Force of Infection (λ)
87,1,0.000728199816781127,0.000620747599279644,5.70886669828833e-05,0.00239060682302626,NH Black,Force of Infection (λ)
88,1,0.000691802199867267,0.000597982814662731,5.23286336450273e-05,0.00229893108947095,NH Black,Force of Infection (λ)
89,1,0.000657247615053177,0.000575983704679431,4.79656192631613e-05,0.00221057232132286,NH Black,Force of Infection (λ)
90,1,0.000624442401766319,0.000554730794216992,4.39661970754052e-05,0.00212394039290369,NH Black,Force of Infection (λ)
91,1,0.000593297593447291,0.000534204521724266,4.03000964523829e-05,0.00204355914066751,NH Black,Force of Infection (λ)
1,2,0.0203118056842669,0.0021851213035578,0.0169388246729573,0.0251678301827575,NH Black,Force of Infection (λ)
2,2,0.0202200908290133,0.00211228272728325,0.0169190590492033,0.0248873616174328,NH Black,Force of Infection (λ)
3,2,0.0201270249951473,0.00203926635142823,0.0169099256084254,0.0246121109676352,NH Black,Force of Infection (λ)
4,2,0.0200326196586995,0.00196621583179278,0.0168975796755623,0.0243389102664015,NH Black,Force of Infection (λ)
5,2,0.0199368876512079,0.00189329213062139,0.0168722273305073,0.0240838243354916,NH Black,Force of Infection (λ)
6,2,0.019839843150302,0.00182067609675092,0.0168561009244945,0.0238204424627621,NH Black,Force of Infection (λ)
7,2,0.0197415016660391,0.00174857153724344,0.0168123460634929,0.0235465031184498,NH Black,Force of Infection (λ)
8,2,0.0196418800230969,0.00167720884789706,0.0167673714367423,0.0232320882412288,NH Black,Force of Infection (λ)
9,2,0.0195409963389614,0.00160684925572133,0.0167532965859502,0.022959924439208,NH Black,Force of Infection (λ)
10,2,0.0194388699982757,0.00153778969132473,0.0167316767581246,0.0227235997463902,NH Black,Force of Infection (λ)
11,2,0.0193355216235409,0.00147036823941555,0.0167210171867054,0.0224662610163718,NH Black,Force of Infection (λ)
12,2,0.0192309730423818,0.00140496999134121,0.0167069186963586,0.0221506032679857,NH Black,Force of Infection (λ)
13,2,0.0191252472516071,0.00134203291835747,0.016698499813418,0.0219073786357134,NH Black,Force of Infection (λ)
14,2,0.0190183683783062,0.00128205306801713,0.0166659553821085,0.0216255985042549,NH Black,Force of Infection (λ)
15,2,0.0189103616382334,0.00122558793502384,0.0166481096015558,0.0214008870415355,NH Black,Force of Infection (λ)
16,2,0.0188012532917363,0.0011732562786269,0.0166176551032257,0.0212216956383218,NH Black,Force of Infection (λ)
17,2,0.0186910705974855,0.00112573203151143,0.0165724451375468,0.0210076998896148,NH Black,Force of Infection (λ)
18,2,0.0185798417642621,0.00108372948573994,0.0165146783189665,0.0208013016891196,NH Black,Force of Infection (λ)
19,2,0.0184675959010567,0.00104797705025428,0.0164938113468505,0.0205994685124372,NH Black,Force of Infection (λ)
20,2,0.0183543629657239,0.00101917809774006,0.0164280723324309,0.0204398551854156,NH Black,Force of Infection (λ)
21,2,0.0182401737124328,0.000997960201503099,0.0163602145365554,0.0202701237218481,NH Black,Force of Infection (λ)
22,2,0.0181250596381437,0.000984818250123181,0.0162477656470825,0.0201006904638387,NH Black,Force of Infection (λ)
23,2,0.0180090529283281,0.000980061250072096,0.0161001835558606,0.0199712622512696,NH Black,Force of Infection (λ)
24,2,0.0178921864021454,0.000983774793725658,0.0159829924293131,0.0198606335688188,NH Black,Force of Infection (λ)
25,2,0.0177744934572723,0.000995809089189898,0.0158107100108462,0.0197593129798846,NH Black,Force of Infection (λ)
26,2,0.0176560080145748,0.00101579604068195,0.0156599726441338,0.0196441029034415,NH Black,Force of Infection (λ)
27,2,0.0175367644628014,0.00104319078069825,0.0154476404042946,0.0195372763454475,NH Black,Force of Infection (λ)
28,2,0.0174167976034641,0.00107732710942533,0.0152300922489211,0.0194643517591451,NH Black,Force of Infection (λ)
29,2,0.0172961425960665,0.00111747484606733,0.0149915003056295,0.0194004516495969,NH Black,Force of Infection (λ)
30,2,0.0171748349038276,0.00116288972893376,0.0147399542598291,0.0193328555763176,NH Black,Force of Infection (λ)
31,2,0.0170529102400407,0.00121285097984971,0.014470875491662,0.0192771762414427,NH Black,Force of Infection (λ)
32,2,0.0169304045151979,0.00126668574708359,0.0142387601294063,0.0192312353684303,NH Black,Force of Infection (λ)
33,2,0.0168073537850036,0.00132378223481787,0.0139886241570365,0.0191708298248831,NH Black,Force of Infection (λ)
34,2,0.0166837941993905,0.00138359437294337,0.0137328292414603,0.0191289257451503,NH Black,Force of Infection (λ)
35,2,0.0165597619526443,0.00144564087037075,0.0134388364008709,0.0190820213457379,NH Black,Force of Infection (λ)
36,2,0.0164352932347352,0.00150950097420747,0.0131595092353476,0.0190382170552315,NH Black,Force of Infection (λ)
37,2,0.0163104241839476,0.00157480860868852,0.0129060056384382,0.0190045079284828,NH Black,Force of Infection (λ)
38,2,0.0161851908408896,0.0016412459888073,0.0126469330574211,0.0189740194289379,NH Black,Force of Infection (λ)
39,2,0.016059629103959,0.00170853736179904,0.0123681848890402,0.0189484730097196,NH Black,Force of Infection (λ)
40,2,0.0159337746863322,0.00177644322450118,0.0120887826996746,0.0188905344596494,NH Black,Force of Infection (λ)
41,2,0.015807663074538,0.00184475516937607,0.0117885290831105,0.0188454502958903,NH Black,Force of Infection (λ)
42,2,0.0156813294886668,0.00191329139556143,0.0114923050921681,0.0188020491897018,NH Black,Force of Infection (λ)
43,2,0.0155548088442641,0.00198189285730697,0.0112185688067383,0.0187556207018991,NH Black,Force of Infection (λ)
44,2,0.0154281357159433,0.00205041999100706,0.0109680581785285,0.0187132734611375,NH Black,Force of Infection (λ)
45,2,0.0153013443027512,0.00211874995039901,0.0106649249137158,0.0186817097788325,NH Black,Force of Infection (λ)
46,2,0.0151744683953103,0.00218677427874745,0.0104145088269223,0.0186635038345014,NH Black,Force of Infection (λ)
47,2,0.015047541344754,0.00225439695166438,0.0101253821570909,0.0186280076619719,NH Black,Force of Infection (λ)
48,2,0.0149205960334671,0.00232153273147971,0.00985369093666511,0.0185909315057928,NH Black,Force of Infection (λ)
49,2,0.0147936648476356,0.0023881057820086,0.00958887757033426,0.0185786713579073,NH Black,Force of Infection (λ)
50,2,0.0146667796516027,0.00245404850022521,0.00930044281401042,0.0185637785105886,NH Black,Force of Infection (λ)
51,2,0.0145399717640264,0.00251930052830517,0.00902246029850721,0.0185506910031448,NH Black,Force of Infection (λ)
52,2,0.0144132719358222,0.00258380791557852,0.00879248760432941,0.01852969467425,NH Black,Force of Infection (λ)
53,2,0.0142867103298747,0.00264752240512779,0.00858883324698106,0.0184800607223386,NH Black,Force of Infection (λ)
54,2,0.0141603165024941,0.00271040082413663,0.00835644246312613,0.0184461440686274,NH Black,Force of Infection (λ)
55,2,0.0140341193865894,0.00277240456073419,0.008127098770438,0.0184046428263382,NH Black,Force of Infection (λ)
56,2,0.013908147276526,0.00283349911309406,0.00787927400201554,0.0183822577447402,NH Black,Force of Infection (λ)
57,2,0.013782427814632,0.00289365369903036,0.00763850780384393,0.0183719169576988,NH Black,Force of Infection (λ)
58,2,0.0136569879793133,0.00295284091637531,0.00742869528349397,0.0183613259162013,NH Black,Force of Infection (λ)
59,2,0.0135318540747343,0.00301103644610059,0.00721180634644589,0.0183514069764368,NH Black,Force of Infection (λ)
60,2,0.0134070517220192,0.00306821879152177,0.00699606209898236,0.0183107692388213,NH Black,Force of Infection (λ)
61,2,0.0132826058519247,0.00312436904805662,0.00678532544051377,0.0182649000881131,NH Black,Force of Infection (λ)
62,2,0.0131585406989343,0.00317947069893841,0.00659309094000074,0.0182354550402488,NH Black,Force of Infection (λ)
63,2,0.013034879796723,0.00323350943305125,0.00641992871027096,0.0182118249507596,NH Black,Force of Infection (λ)
64,2,0.0129116459749357,0.00328647298168606,0.00625024321916612,0.0181938196221715,NH Black,Force of Infection (λ)
65,2,0.0127888613572288,0.00333835097153726,0.00606015340991577,0.0181811226135882,NH Black,Force of Infection (λ)
66,2,0.0126665473605145,0.00338913479169234,0.00588632475122215,0.0181575564631346,NH Black,Force of Infection (λ)
67,2,0.0125447246953557,0.00343881747272395,0.00571950062705548,0.0181544187052709,NH Black,Force of Infection (λ)
68,2,0.0124234133674512,0.00348739357629195,0.00554878504052297,0.0181387133615541,NH Black,Force of Infection (λ)
69,2,0.0123026326801567,0.00353485909391011,0.00538061026682404,0.0181205686154782,NH Black,Force of Infection (λ)
70,2,0.0121824012379836,0.00358121135373891,0.00520951340232109,0.0180952506760469,NH Black,Force of Infection (λ)
71,2,0.0120627369510199,0.00362644893443827,0.00503348334241924,0.0180695258090714,NH Black,Force of Infection (λ)
72,2,0.0119436570402158,0.00367057158525871,0.00488060303140851,0.0180391887615793,NH Black,Force of Infection (λ)
73,2,0.0118251780434812,0.00371358015167057,0.00473171054753556,0.0180181196177495,NH Black,Force of Infection (λ)
74,2,0.0117073158225384,0.00375547650593286,0.00458718277461993,0.0179968019103536,NH Black,Force of Infection (λ)
75,2,0.0115900855704777,0.00379626348208917,0.00444649007950666,0.0179756332833231,NH Black,Force of Infection (λ)
76,2,0.0114735018199635,0.00383594481495032,0.0043095894160254,0.017953466209544,NH Black,Force of Infection (λ)
77,2,0.0113575784520405,0.00387452508268442,0.00417653891710498,0.0179364418055924,NH Black,Force of Infection (λ)
78,2,0.011242328705489,0.00391200965268715,0.00404705256003846,0.0179253217355614,NH Black,Force of Infection (λ)
79,2,0.0111277651866825,0.00394840463044833,0.00391498500835218,0.0179141111204826,NH Black,Force of Infection (λ)
80,2,0.0110138998799009,0.00398371681116827,0.00378753884430677,0.0179013127823335,NH Black,Force of Infection (λ)
81,2,0.0109007441580525,0.00401795363390913,0.00367503794035866,0.0178872509423467,NH Black,Force of Infection (λ)
82,2,0.0107883087937645,0.00405112313809297,0.00355693037601663,0.0178654256117252,NH Black,Force of Infection (λ)
83,2,0.0106766039707969,0.0040832339221814,0.00344221790336066,0.0178327513516722,NH Black,Force of Infection (λ)
84,2,0.0105656392957426,0.00411429510439109,0.00332940615982365,0.0178112782492551,NH Black,Force of Infection (λ)
85,2,0.0104554238099738,0.00414431628531612,0.00321891683098873,0.0177850152524191,NH Black,Force of Infection (λ)
86,2,0.0103459660017981,0.00417330751234228,0.00310981093969439,0.0177693063108298,NH Black,Force of Infection (λ)
87,2,0.0102372738187911,0.00420127924575091,0.0030023328776392,0.0177550346227194,NH Black,Force of Infection (λ)
88,2,0.0101293546802702,0.00422824232641991,0.00289827221670366,0.0177401640879694,NH Black,Force of Infection (λ)
89,2,0.0100222154898807,0.00425420794503899,0.00279762232491178,0.0177255059581275,NH Black,Force of Infection (λ)
90,2,0.00991586264826145,0.00427918761276355,0.00270202259669067,0.0177040951175271,NH Black,Force of Infection (λ)
91,2,0.00981030206576619,0.00430319313323859,0.00261368807764853,0.0176576172464847,NH Black,Force of Infection (λ)
1,1,0.00760097771277154,0.000193596368721623,0.00724016871584096,0.00801302447668136,NH White,Force of Infection (λ)
2,1,0.00759711152758764,0.000192266936383037,0.00723875061175374,0.00800587770382052,NH White,Force of Infection (λ)
3,1,0.00759321876711427,0.000190967971787513,0.0072361746060814,0.00799360885823429,NH White,Force of Infection (λ)
4,1,0.00758929929726239,0.000189700991265938,0.00723303054363177,0.00798529131102561,NH White,Force of Infection (λ)
5,1,0.00758535298397934,0.000188467544955229,0.00722924437294297,0.00797784189413323,NH White,Force of Infection (λ)
6,1,0.00758137969326036,0.000187269215183532,0.00722589121649802,0.00796980941466135,NH White,Force of Infection (λ)
7,1,0.00757737929116028,0.000186107614568131,0.00722297133411558,0.00796271788364493,NH White,Force of Infection (λ)
8,1,0.00757335164380539,0.000184984383810708,0.00722130077242648,0.00795610444238024,NH White,Force of Infection (λ)
9,1,0.0075692966174053,0.000183901189176245,0.00721648029881918,0.00794870721606053,NH White,Force of Infection (λ)
10,1,0.00756521407826505,0.000182859719643937,0.00721347318874441,0.00794124289392288,NH White,Force of Infection (λ)
11,1,0.00756110389279728,0.000181861683721122,0.00721026999661934,0.00793838562973815,NH White,Force of Infection (λ)
12,1,0.00755696592753452,0.000180908805914304,0.00720739930195717,0.00793541635199868,NH White,Force of Infection (λ)
13,1,0.00755280004914164,0.000180002822855049,0.00720502901555854,0.00793366141355636,NH White,Force of Infection (λ)
14,1,0.00754860612442836,0.000179145479082661,0.0072022409367509,0.00792745589684309,NH White,Force of Infection (λ)
15,1,0.00754438402036195,0.00017833852249028,0.00719919404137619,0.00792117674857448,NH White,Force of Infection (λ)
16,1,0.00754013360407998,0.000177583699446147,0.00719646814138582,0.00791170292159145,NH White,Force of Infection (λ)
17,1,0.00753585474290324,0.000176882749607422,0.00719319940400328,0.00790262197098737,NH White,Force of Infection (λ)
18,1,0.00753154730434872,0.000176237400449766,0.00718974789841564,0.00789756678026514,NH White,Force of Infection (λ)
19,1,0.0075272111561428,0.000175649361542102,0.00718709985582163,0.00788973534434733,NH White,Force of Infection (λ)
20,1,0.0075228461662344,0.000175120318602158,0.00718204792272151,0.00788273212274742,NH White,Force of Infection (λ)
21,1,0.00751845220280842,0.000174651927374604,0.00717882301467841,0.00787680983588539,NH White,Force of Infection (λ)
22,1,0.00751402913429914,0.000174245807379576,0.00717519305107387,0.00787073424025676,NH White,Force of Infection (λ)
23,1,0.00750957682940384,0.000173903535584965,0.00717269767668432,0.00786436781918205,NH White,Force of Infection (λ)
24,1,0.00750509515709644,0.000173626640060875,0.00717085368660312,0.00785773018839321,NH White,Force of Infection (λ)
25,1,0.00750058398664134,0.000173416593678886,0.00716699796833284,0.0078513638005489,NH White,Force of Infection (λ)
26,1,0.00749604318760723,0.000173274807922057,0.00716308466477629,0.0078464563618626,NH White,Force of Infection (λ)
27,1,0.0074914726298812,0.000173202626873791,0.0071590140479783,0.00784109886520346,NH White,Force of Infection (λ)
28,1,0.00748687218368273,0.000173201321454561,0.00715259099056435,0.00783428593276385,NH White,Force of Infection (λ)
29,1,0.00748224171957798,0.000173272083975039,0.00714490788040032,0.00783064012185084,NH White,Force of Infection (λ)
30,1,0.00747758110849401,0.000173416023072226,0.0071420182948616,0.00782676207478226,NH White,Force of Infection (λ)
31,1,0.00747289022173327,0.000173634159091751,0.00713761396073568,0.00782277907371894,NH White,Force of Infection (λ)
32,1,0.007468168930988,0.000173927419974623,0.00713600106379407,0.00781912146315316,NH White,Force of Infection (λ)
33,1,0.00746341710835488,0.000174296637700434,0.007128685058024,0.00781487844547862,NH White,Force of Infection (λ)
34,1,0.00745863462634969,0.000174742545331448,0.00712475405839387,0.00780854796066918,NH White,Force of Infection (λ)
35,1,0.0074538213579221,0.000175265774693412,0.00712144330529079,0.00780423599083989,NH White,Force of Infection (λ)
36,1,0.00744897717647049,0.000175866854719353,0.00711459861812722,0.00780200911275567,NH White,Force of Infection (λ)
37,1,0.00744410195585694,0.000176546210472549,0.00710814535970246,0.00779829335754919,NH White,Force of Infection (λ)
38,1,0.00743919557042224,0.00017730416285436,0.00710320538763089,0.007795652188147,NH White,Force of Infection (λ)
39,1,0.007434257895001,0.000178140928992086,0.00709404935709095,0.00779199187780327,NH White,Force of Infection (λ)
40,1,0.00742928880493689,0.000179056623291738,0.00708640931505612,0.00778907976494321,NH White,Force of Infection (λ)
41,1,0.00742428817609785,0.00018005125913083,0.00708123602790441,0.00778411999562417,NH White,Force of Infection (λ)
42,1,0.00741925588489149,0.000181124751157282,0.00707223148319955,0.00777870740227838,NH White,Force of Infection (λ)
43,1,0.00741419180828052,0.000182276918152525,0.00706217166452827,0.00777533715529187,NH White,Force of Infection (λ)
44,1,0.0074090958237982,0.000183507486410011,0.00705129778642143,0.00777098523666792,NH White,Force of Infection (λ)
45,1,0.00740396780956398,0.000184816093574766,0.00703827957828968,0.00776677566327295,NH White,Force of Infection (λ)
46,1,0.00739880764429908,0.000186202292885434,0.00702855355412069,0.00776343417920448,NH White,Force of Infection (λ)
47,1,0.00739361520734224,0.000187665557757422,0.00701829771547267,0.00775850210621516,NH White,Force of Infection (λ)
48,1,0.00738839037866545,0.00018920528664437,0.00700710339725947,0.00775370016428883,NH White,Force of Infection (λ)
49,1,0.00738313303888981,0.000190820808114997,0.00699173010732682,0.00774843311593207,NH White,Force of Infection (λ)
50,1,0.0073778430693014,0.000192511386083545,0.00698530358610769,0.00774526256347089,NH White,Force of Infection (λ)
51,1,0.00737252035186724,0.000194276225134185,0.00697874990432435,0.00774093191054671,NH White,Force of Infection (λ)
52,1,0.00736716476925127,0.000196114475882903,0.00697156847675092,0.00773669107724912,NH White,Force of Infection (λ)
53,1,0.00736177620483043,0.000198025240324277,0.00695998149729398,0.00773246463688562,NH White,Force of Infection (λ)
54,1,0.00735635454271071,0.000200007577115074,0.00694821115623922,0.0077298413167289,NH White,Force of Infection (λ)
55,1,0.00735089966774336,0.000202060506751533,0.00693982029323184,0.007725574373329,NH White,Force of Infection (λ)
56,1,0.00734541146554103,0.000204183016602411,0.00692974537021578,0.00772230382630587,NH White,Force of Infection (λ)
57,1,0.00733988982249402,0.000206374065765219,0.00691660855104518,0.00772027793268018,NH White,Force of Infection (λ)
58,1,0.00733433462578654,0.000208632589718391,0.00690341252941535,0.00771912622873855,NH White,Force of Infection (λ)
59,1,0.00732874576341303,0.000210957504747342,0.00689053018194584,0.00771711558363124,NH White,Force of Infection (λ)
60,1,0.0073231231241945,0.00021334771212733,0.00687593504753079,0.00771359210087481,NH White,Force of Infection (λ)
61,1,0.00731746659779486,0.000215802102050732,0.00686576891009434,0.00771132999019658,NH White,Force of Infection (λ)
62,1,0.00731177607473738,0.000218319557290641,0.0068550031806167,0.00770760030977215,NH White,Force of Infection (λ)
63,1,0.00730605144642105,0.000220898956596608,0.00684000513352044,0.00770374632726073,NH White,Force of Infection (λ)
64,1,0.00730029260513705,0.000223539177821856,0.00682592608597754,0.00770067095684299,NH White,Force of Infection (λ)
65,1,0.00729449944408523,0.000226239100784338,0.00680906303698196,0.00769604829065555,NH White,Force of Infection (λ)
66,1,0.00728867185739053,0.000228997609866635,0.00679578901041802,0.0076925141553304,NH White,Force of Infection (λ)
67,1,0.00728280974011956,0.000231813596361916,0.00678120884190797,0.00769063659795586,NH White,Force of Infection (λ)
68,1,0.00727691298829699,0.000234685960574969,0.006764359421324,0.00768804279682911,NH White,Force of Infection (λ)
69,1,0.00727098149892218,0.00023761361368878,0.00675011436257694,0.00768724350336083,NH White,Force of Infection (λ)
70,1,0.00726501516998557,0.000240595479408203,0.00673940559753066,0.00768235678193797,NH White,Force of Infection (λ)
71,1,0.0072590139004853,0.000243630495393096,0.00672253383904266,0.00767841390257908,NH White,Force of Infection (λ)
72,1,0.00725297759044366,0.000246717614493775,0.00670603686661178,0.00767458391649604,NH White,Force of Infection (λ)
73,1,0.00724690614092361,0.000249855805801946,0.00669138830299697,0.00767327729882774,NH White,Force of Infection (λ)
74,1,0.0072407994540453,0.000253044055530347,0.00667615443755869,0.00767226605276162,NH White,Force of Infection (λ)
75,1,0.00723465743300253,0.000256281367734201,0.00666136004443091,0.0076716018050902,NH White,Force of Infection (λ)
76,1,0.00722847998207923,0.000259566764887369,0.00664422496388601,0.00767002936956456,NH White,Force of Infection (λ)
77,1,0.00722226700666596,0.000262899288325715,0.00662469019305192,0.00766791715202308,NH White,Force of Infection (λ)
78,1,0.00721601841327627,0.000266277998569718,0.0066087534315107,0.00766566866865714,NH White,Force of Infection (λ)
79,1,0.00720973410956318,0.000269701975537868,0.00659351789332725,0.00766331604792515,NH White,Force of Infection (λ)
80,1,0.00720341400433555,0.000273170318661779,0.00657856796856575,0.00766256633520814,NH White,Force of Infection (λ)
81,1,0.0071970580075744,0.000276682146913344,0.00656259908338424,0.00766122655496968,NH White,Force of Infection (λ)
82,1,0.00719066603044931,0.000280236598753624,0.00654855706726504,0.00765859096233829,NH White,Force of Infection (λ)
83,1,0.00718423798533461,0.000283832832012501,0.00653346033747895,0.0076554064820358,NH White,Force of Infection (λ)
84,1,0.00717777378582572,0.000287470023707506,0.00651822199369236,0.00765356755583268,NH White,Force of Infection (λ)
85,1,0.00717127334675531,0.000291147369809583,0.00650292273892836,0.00765253982171401,NH White,Force of Infection (λ)
86,1,0.00716473658420946,0.000294864084962926,0.00648589125541042,0.00765011887411887,NH White,Force of Infection (λ)
87,1,0.00715816341554377,0.000298619402165461,0.00646547934406085,0.00764816279998879,NH White,Force of Infection (λ)
88,1,0.00715155375939945,0.000302412572415928,0.00645180521839973,0.0076461172932912,NH White,Force of Infection (λ)
89,1,0.00714490753571926,0.000306242864333027,0.00643123768409247,0.00764361915546893,NH White,Force of Infection (λ)
90,1,0.00713822466576354,0.000310109563751533,0.00641198059795875,0.00764210387726864,NH White,Force of Infection (λ)
91,1,0.00713150507212601,0.000314011973299847,0.00639520234407151,0.00763905160758421,NH White,Force of Infection (λ)
1,2,0.00499780394916138,0.000170349194857853,0.00467221774698873,0.00534372297451229,NH White,Force of Infection (λ)
2,2,0.00499719867015719,0.000170186800410084,0.00467213884699096,0.00534316534951575,NH White,Force of Infection (λ)
3,2,0.00499659057279244,0.000170028445290868,0.00467159076403727,0.00534218169840796,NH White,Force of Infection (λ)
4,2,0.00499597964634642,0.000169874203825529,0.00467103631452229,0.00534080500708097,NH White,Force of Infection (λ)
5,2,0.00499536588008048,0.000169724150844994,0.00467085775217845,0.00534025155584889,NH White,Force of Infection (λ)
6,2,0.00499474926323816,0.000169578361671594,0.0046705050325514,0.00533979038654929,NH White,Force of Infection (λ)
7,2,0.00499412978504543,0.000169436912104217,0.00466876219185595,0.00533932678828922,NH White,Force of Infection (λ)
8,2,0.00499350743471087,0.000169299878402861,0.0046670118531327,0.00533826728742886,NH White,Force of Infection (λ)
9,2,0.00499288220142583,0.00016916733727255,0.00466566116562619,0.00533666074369544,NH White,Force of Infection (λ)
10,2,0.00499225407436467,0.000169039365846615,0.00466528097823908,0.00533579246096923,NH White,Force of Infection (λ)
11,2,0.00499162304268493,0.000168916041669355,0.00466506716512781,0.00533406646437681,NH White,Force of Infection (λ)
12,2,0.00499098909552755,0.000168797442678058,0.00466500622709038,0.00533253026070542,NH White,Force of Infection (λ)
13,2,0.00499035222201704,0.000168683647184386,0.00466438909143785,0.00533172036680684,NH White,Force of Infection (λ)
14,2,0.00498971241126172,0.000168574733855138,0.00466437316160786,0.00533095186047737,NH White,Force of Infection (λ)
15,2,0.0049890696523539,0.000168470781692378,0.0046643571578187,0.00533094595301378,NH White,Force of Infection (λ)
16,2,0.0049884239343701,0.000168371870012927,0.00466346334687611,0.00532885288326766,NH White,Force of Infection (λ)
17,2,0.00498777524637127,0.000168278078427253,0.00466312034361773,0.00532728436260655,NH White,Force of Infection (λ)
18,2,0.00498712357740297,0.000168189486817715,0.00466281018358178,0.00532664344501857,NH White,Force of Infection (λ)
19,2,0.00498646891649562,0.000168106175316219,0.00466162925431312,0.00532528425541995,NH White,Force of Infection (λ)
20,2,0.00498581125266468,0.000168028224281254,0.0046607777514476,0.00532408669484883,NH White,Force of Infection (λ)
21,2,0.00498515057491091,0.000167955714274334,0.00466044570144803,0.00532345088271103,NH White,Force of Infection (λ)
22,2,0.00498448687222057,0.000167888726035856,0.00465886842559116,0.00532223035961001,NH White,Force of Infection (λ)
23,2,0.00498382013356563,0.000167827340460375,0.00465723651132883,0.00532190055694915,NH White,Force of Infection (λ)
24,2,0.00498315034790401,0.000167771638571316,0.00465659195914541,0.00532095788367281,NH White,Force of Infection (λ)
25,2,0.0049824775041798,0.000167721701495137,0.00465549287997275,0.0053202344691867,NH White,Force of Infection (λ)
26,2,0.00498180159132351,0.000167677610434949,0.00465385906021593,0.00531898712407662,NH White,Force of Infection (λ)
27,2,0.00498112259825226,0.000167639446643618,0.00465380263871051,0.00531685200785025,NH White,Force of Infection (λ)
28,2,0.00498044051387005,0.000167607291396351,0.00465377848081197,0.00531321958357424,NH White,Force of Infection (λ)
29,2,0.00497975532706798,0.000167581225962814,0.00465342685750259,0.0053115031112964,NH White,Force of Infection (λ)
30,2,0.00497906702672449,0.00016756133157876,0.00465280312397809,0.00531144499523387,NH White,Force of Infection (λ)
31,2,0.0049783756017056,0.000167547689417225,0.00465217656779089,0.00531078257806892,NH White,Force of Infection (λ)
32,2,0.00497768104086514,0.00016754038055929,0.00465153119434701,0.00530914914661706,NH White,Force of Infection (λ)
33,2,0.004976983333045,0.000167539485964444,0.00465098988852745,0.00530868957369445,NH White,Force of Infection (λ)
34,2,0.00497628246707541,0.000167545086440568,0.00465080087721758,0.00530853195476685,NH White,Force of Infection (λ)
35,2,0.00497557843177511,0.000167557262613565,0.00464971282184128,0.00530722296380637,NH White,Force of Infection (λ)
36,2,0.00497487121595167,0.000167576094896665,0.00464658798816331,0.00530633449093375,NH White,Force of Infection (λ)
37,2,0.00497416080840172,0.000167601663459435,0.00464524947277949,0.00530620755612583,NH White,Force of Infection (λ)
38,2,0.0049734471979112,0.000167634048196514,0.00464522135332394,0.00530607994962379,NH White,Force of Infection (λ)
39,2,0.0049727303732556,0.000167673328696114,0.0046440189828218,0.00530521495606896,NH White,Force of Infection (λ)
40,2,0.00497201032320024,0.000167719584208311,0.00464156235460544,0.00530510375615958,NH White,Force of Infection (λ)
41,2,0.00497128703650053,0.000167772893613167,0.00464027301699227,0.00530283893766616,NH White,Force of Infection (λ)
42,2,0.00497056050190223,0.000167833335388696,0.00463898540718442,0.00530236771398863,NH White,Force of Infection (λ)
43,2,0.00496983070814169,0.000167900987578741,0.00463874487555522,0.00530186481687657,NH White,Force of Infection (λ)
44,2,0.00496909764394615,0.00016797592776076,0.00463707602753096,0.00530042979344845,NH White,Force of Infection (λ)
45,2,0.00496836129803398,0.000168058233013591,0.00463486732553484,0.00529937042019302,NH White,Force of Infection (λ)
46,2,0.00496762165911497,0.000168147979885202,0.00463404172845396,0.00529907202957573,NH White,Force of Infection (λ)
47,2,0.00496687871589059,0.000168245244360488,0.00463398776186216,0.00529877207089147,NH White,Force of Infection (λ)
48,2,0.00496613245705427,0.000168350101829138,0.00463394412630467,0.00529847049293183,NH White,Force of Infection (λ)
49,2,0.00496538287129167,0.000168462627053617,0.00463216793377378,0.00529815561085555,NH White,Force of Infection (λ)
50,2,0.00496462994728096,0.000168582894137293,0.00463214966557665,0.0052978794490858,NH White,Force of Infection (λ)
51,2,0.00496387367369309,0.000168710976492766,0.00463079114455901,0.0052972292721476,NH White,Force of Infection (λ)
52,2,0.00496311403919211,0.000168846946810413,0.00463070453558915,0.00529578219024955,NH White,Force of Infection (λ)
53,2,0.00496235103243538,0.000168990877027213,0.00463030233790931,0.00529570192684629,NH White,Force of Infection (λ)
54,2,0.00496158464207395,0.000169142838295874,0.00462988912189743,0.00529569121998758,NH White,Force of Infection (λ)
55,2,0.00496081485675275,0.000169302900954313,0.00462777503611515,0.00529516354465224,NH White,Force of Infection (λ)
56,2,0.00496004166511095,0.000169471134495518,0.00462652174096615,0.00529406951423938,NH White,Force of Infection (λ)
57,2,0.00495926505578224,0.00016964760753784,0.0046264886248385,0.00529401201805562,NH White,Force of Infection (λ)
58,2,0.00495848501739508,0.000169832387795751,0.00462539090923426,0.00529378870907691,NH White,Force of Infection (λ)
59,2,0.00495770153857305,0.000170025542051104,0.00462420808694622,0.00529366509323965,NH White,Force of Infection (λ)
60,2,0.0049569146079351,0.000170227136124937,0.00462195967277967,0.00529341061756178,NH White,Force of Infection (λ)
61,2,0.00495612421409588,0.000170437234849851,0.00462083433390565,0.00529290063280351,NH White,Force of Infection (λ)
62,2,0.00495533034566603,0.000170655902043013,0.00461946359891339,0.00529238799183674,NH White,Force of Infection (λ)
63,2,0.00495453299125249,0.0001708832004798,0.00461942910648946,0.0052918726813628,NH White,Force of Infection (λ)
64,2,0.00495373213945878,0.000171119191868138,0.00461939445462238,0.00529135468802217,NH White,Force of Infection (λ)
65,2,0.00495292777888533,0.000171363936823558,0.00461876003135714,0.00529082328094252,NH White,Force of Infection (λ)
66,2,0.00495211989812979,0.000171617494845003,0.00461772719223786,0.00529027159492968,NH White,Force of Infection (λ)
67,2,0.00495130848578731,0.000171879924291426,0.00461567192776954,0.00528993154644344,NH White,Force of Infection (λ)
68,2,0.00495049353045088,0.000172151282359198,0.00461408602425691,0.00528919249345573,NH White,Force of Infection (λ)
69,2,0.00494967502071163,0.000172431625060362,0.00461090650163123,0.00528899028435084,NH White,Force of Infection (λ)
70,2,0.00494885294515916,0.000172721007201763,0.00460890840647376,0.00528811040790556,NH White,Force of Infection (λ)
71,2,0.00494802729238182,0.00017301948236507,0.00460688525122008,0.00528787026772431,NH White,Force of Infection (λ)
72,2,0.00494719805096707,0.000173327102887725,0.00460625107186387,0.00528784805790024,NH White,Force of Infection (λ)
73,2,0.00494636520950178,0.00017364391984484,0.00460503816297975,0.00528782284416137,NH White,Force of Infection (λ)
74,2,0.00494552875657255,0.000173969983032056,0.00460141472723646,0.00528744555631614,NH White,Force of Infection (λ)
75,2,0.00494468868076604,0.000174305340949392,0.00459768075058413,0.00528669096765414,NH White,Force of Infection (λ)
76,2,0.00494384497066927,0.000174650040786102,0.00459382033270387,0.00528623890261893,NH White,Force of Infection (λ)
77,2,0.00494299761487001,0.000175004128406545,0.00459022866327962,0.00528571095375939,NH White,Force of Infection (λ)
78,2,0.00494214660195703,0.000175367648337099,0.00458859844625315,0.00528528750082433,NH White,Force of Infection (λ)
79,2,0.00494129192052047,0.000175740643754113,0.00458678048020399,0.00528489707271214,NH White,Force of Infection (λ)
80,2,0.00494043355915218,0.000176123156472925,0.00458536366213453,0.00528414362983815,NH White,Force of Infection (λ)
81,2,0.00493957150644602,0.000176515226937939,0.00458452588237686,0.00528396334065035,NH White,Force of Infection (λ)
82,2,0.00493870575099825,0.000176916894213777,0.00458003850542339,0.00528393893642539,NH White,Force of Infection (λ)
83,2,0.00493783628140778,0.000177328195977508,0.00457633785184594,0.00528390566346829,NH White,Force of Infection (λ)
84,2,0.0049369630862766,0.000177749168511957,0.00457374141452138,0.00528386029789447,NH White,Force of Infection (λ)
85,2,0.00493608615421004,0.000178179846700088,0.0045711832842561,0.00528317347066417,NH White,Force of Infection (λ)
86,2,0.00493520547381718,0.000178620264020472,0.00456807239310554,0.00528250583887254,NH White,Force of Infection (λ)
87,2,0.00493432103371114,0.000179070452543826,0.00456596569171497,0.00528241048272902,NH White,Force of Infection (λ)
88,2,0.00493343282250944,0.00017953044293062,0.00456263888127674,0.00528231462330398,NH White,Force of Infection (λ)
89,2,0.00493254082883436,0.000180000264429753,0.00456011646524303,0.00528221825795987,NH White,Force of Infection (λ)
90,2,0.00493164504131326,0.000180479944878272,0.0045565825202671,0.00528211221653044,NH White,Force of Infection (λ)
91,2,0.00493074544857894,0.000180969510702146,0.00455107726851999,0.00528199459837816,NH White,Force of Infection (λ)
1,1,0.0391450405713968,0.0103313917087304,0.0243134416835155,0.0634198155937751,Other,Force of Infection (λ)
2,1,0.0379645669584076,0.00937091888598468,0.0240936448862364,0.0600961437350763,Other,Force of Infection (λ)
3,1,0.0367774550166704,0.00842937194465984,0.0239468083134164,0.0567051837872235,Other,Force of Infection (λ)
4,1,0.0355884145463859,0.00751852856965356,0.0238139609856516,0.0531105387716604,Other,Force of Infection (λ)
5,1,0.0344020105522823,0.00664912193689235,0.0235358622437451,0.0494923920518411,Other,Force of Infection (λ)
6,1,0.0332225556858516,0.00583078185410904,0.0232904743972192,0.0462562577814063,Other,Force of Infection (λ)
7,1,0.0320540309946472,0.00507235044118902,0.0230796729188715,0.042970398294295,Other,Force of Infection (λ)
8,1,0.030900035701915,0.00438253822167489,0.0228697866621419,0.0401508516136051,Other,Force of Infection (λ)
9,1,0.0297637625389091,0.00377082571006594,0.0225633563018144,0.0374729859487751,Other,Force of Infection (λ)
10,1,0.0286479931165716,0.0032483693322553,0.0223072587061657,0.0350592372486726,Other,Force of Infection (λ)
11,1,0.0275551076059302,0.0028282612495574,0.0220057434086055,0.0330081313009208,Other,Force of Infection (λ)
12,1,0.0264871038240437,0.0025237606276412,0.0215598039972317,0.03127796348555,Other,Force of Infection (λ)
13,1,0.0254456219945003,0.00234301080627087,0.0208452661902429,0.0298944346080415,Other,Force of Infection (λ)
14,1,0.024431972547172,0.0022817708186598,0.0201164540487003,0.0285911256638398,Other,Force of Infection (λ)
15,1,0.0234471651773445,0.00232072435152872,0.0187296732017223,0.027546109724116,Other,Force of Infection (λ)
16,1,0.0224919379894864,0.0024315622759623,0.0171949869756818,0.0267717097944651,Other,Force of Infection (λ)
17,1,0.0215667859577348,0.00258635850860668,0.0155211779665784,0.0258871939364346,Other,Force of Infection (λ)
18,1,0.0206719882045413,0.00276309350381098,0.0139694542333939,0.0251206200988258,Other,Force of Infection (λ)
19,1,0.0198076337796026,0.0029465035061219,0.0124809261415934,0.024270817727092,Other,Force of Infection (λ)
20,1,0.0189736457462051,0.0031267654741158,0.0112294919973122,0.0236690976460202,Other,Force of Infection (λ)
21,1,0.0181698034716662,0.00329787000930314,0.0101586167680796,0.023135603915591,Other,Force of Infection (λ)
22,1,0.0173957630844652,0.0034563298875279,0.00902445897222801,0.0226668703215811,Other,Force of Infection (λ)
23,1,0.0166510761096871,0.00360028950403397,0.00800352266775018,0.0222648677885286,Other,Force of Infection (λ)
24,1,0.0159352063306353,0.00372894146902497,0.0070898188314532,0.021841038185955,Other,Force of Infection (λ)
25,1,0.0152475449505594,0.00384214981189219,0.00627412984409428,0.0214482675440622,Other,Force of Infection (λ)
26,1,0.0145874241463856,0.00394020605327404,0.00557342071510036,0.0210600855400245,Other,Force of Infection (λ)
27,1,0.0139541291176944,0.00402366982128644,0.00496811842093202,0.0206214220647673,Other,Force of Infection (λ)
28,1,0.013346908740347,0.00409326353725388,0.00443039641566886,0.0203458743436914,Other,Force of Infection (λ)
29,1,0.0127649849362541,0.00414980210953281,0.00394923972370667,0.0199955854397336,Other,Force of Infection (λ)
30,1,0.0122075608698142,0.00419414564242342,0.0035073094803311,0.0196726020524405,Other,Force of Infection (λ)
31,1,0.0116738280783449,0.00422716751768673,0.00312348287026703,0.0193914510710913,Other,Force of Infection (λ)
32,1,0.0111629726390648,0.00424973290032585,0.00277462641544109,0.0190953826618186,Other,Force of Infection (λ)
33,1,0.0106741804693955,0.00426268440939302,0.00246599078510327,0.0187461552623449,Other,Force of Infection (λ)
34,1,0.0102066418509644,0.0042668327700494,0.00219130347001358,0.0185001775773606,Other,Force of Infection (λ)
35,1,0.00975955526101777,0.00426295095948059,0.00194691485854387,0.0182553646488876,Other,Force of Infection (λ)
36,1,0.00933213058823542,0.0042517708180166,0.00172982653929841,0.0180137450530083,Other,Force of Infection (λ)
37,1,0.00892359180334902,0.00423398140418445,0.0015366601146511,0.0177330490890753,Other,Force of Infection (λ)
38,1,0.00853317914861514,0.00421022858177854,0.00136886422017202,0.0174232650060695,Other,Force of Infection (λ)
39,1,0.00816015090416744,0.00418111547184485,0.00121992021685821,0.0171394377725009,Other,Force of Infection (λ)
40,1,0.00780378478361074,0.00414720350408919,0.00108043781781603,0.0168289798507413,Other,Force of Infection (λ)
41,1,0.0074633790059506,0.00410901387446506,0.000956777846871051,0.0166086214794303,Other,Force of Infection (λ)
42,1,0.0071382530860817,0.00406702926767018,0.00084724742842744,0.0162713168950121,Other,Force of Infection (λ)
43,1,0.00682774838158338,0.00402169574106588,0.000751028628148533,0.0160826743393113,Other,Force of Infection (λ)
44,1,0.0065312284294789,0.00397342469425143,0.000663904201452276,0.0157846620484393,Other,Force of Infection (λ)
45,1,0.0062480791028892,0.00392259486901622,0.000587623529414048,0.0155256859240482,Other,Force of Infection (λ)
46,1,0.00597770861413101,0.00386955433963417,0.000520069978327135,0.0152654811482381,Other,Force of Infection (λ)
47,1,0.00571954738775177,0.00381462246485768,0.000460253191652656,0.0150329196750706,Other,Force of Infection (λ)
48,1,0.00547304782423551,0.00375809178151108,0.000407293440723867,0.0148026006738384,Other,Force of Infection (λ)
49,1,0.00523768397263282,0.00370022982600246,0.000360409650097664,0.0145416493211701,Other,Force of Infection (λ)
50,1,0.00501295112814096,0.00364128087489434,0.000318908634849789,0.0142550173930752,Other,Force of Infection (λ)
51,1,0.00479836536866557,0.00358146759929068,0.000282175446093982,0.0139679225215746,Other,Force of Infection (λ)
52,1,0.00459346304261311,0.00352099263049903,0.000249664725379317,0.0136837387568655,Other,Force of Infection (λ)
53,1,0.00439780021857336,0.00346004003643115,0.000220892974058956,0.0134015409476602,Other,Force of Infection (λ)
54,1,0.00421095210613628,0.00339877670967777,0.000195431649788324,0.0131214733156017,Other,Force of Infection (λ)
55,1,0.00403251245583044,0.00333735366925748,0.000172901008673938,0.0128431786763694,Other,Force of Infection (λ)
56,1,0.00386209294505569,0.00327590727879318,0.000152964618016368,0.0125834211647426,Other,Force of Infection (λ)
57,1,0.00369932255589665,0.00321456038438326,0.000135108362190151,0.0123176812668862,Other,Force of Infection (λ)
58,1,0.00354384694983246,0.00315342337576768,0.000119206680820158,0.0120483415817635,Other,Force of Infection (λ)
59,1,0.00339532784359118,0.0030925951745821,0.00010517498919677,0.0117817353837937,Other,Force of Infection (λ)
60,1,0.003253442389722,0.00303216415358282,9.27937303849717e-05,0.0115179755993575,Other,Force of Infection (λ)
61,1,0.00311788256486674,0.00297220899073525,8.18690486026162e-05,0.0112563346748403,Other,Force of Infection (λ)
62,1,0.00298835456819373,0.00291279946201087,7.22297977878048e-05,0.0109969114047059,Other,Force of Infection (λ)
63,1,0.00286457823200479,0.00285399717664706,6.37265359190578e-05,0.010740397818167,Other,Force of Infection (λ)
64,1,0.0027462864461323,0.00279585625850344,5.6225292394887e-05,0.0104660708819907,Other,Force of Infection (λ)
65,1,0.00263322459740117,0.00273842397700643,4.960667911784e-05,0.0102259137944775,Other,Force of Infection (λ)
66,1,0.00252515002513479,0.00268174133101888,4.37065085374557e-05,0.00999516091162063,Other,Force of Infection (λ)
67,1,0.00242183149342878,0.00262584358880755,3.84995551183447e-05,0.00975274823021214,Other,Force of Infection (λ)
68,1,0.00232304868069708,0.00257076078711519,3.39127800528157e-05,0.00951484271213507,Other,Force of Infection (λ)
69,1,0.00222859168680757,0.00251651819217563,2.9983602165176e-05,0.00927894760054251,Other,Force of Infection (λ)
70,1,0.00213826055796456,0.00246313672534538,2.65129644572354e-05,0.00905007611261164,Other,Force of Infection (λ)
71,1,0.00205186482936069,0.00241063335586305,2.33895408558321e-05,0.0088243820528819,Other,Force of Infection (λ)
72,1,0.00196922308550686,0.00235902146309156,2.06355819205399e-05,0.00864019431255675,Other,Force of Infection (λ)
73,1,0.00189016253805438,0.00230831117044699,1.82058392006847e-05,0.00845830413733401,Other,Force of Infection (λ)
74,1,0.0018145186208447,0.00225850965307387,1.6064764821425e-05,0.00827658588335687,Other,Force of Infection (λ)
75,1,0.00174213460185835,0.00220962142118917,1.42108847757018e-05,0.00807844434735742,Other,Force of Infection (λ)
76,1,0.00167286121168283,0.00216164858088714,1.25709236605427e-05,0.00788237559750739,Other,Force of Infection (λ)
77,1,0.00160655628807819,0.00211459107407376,1.11206392009569e-05,0.00763449020135257,Other,Force of Infection (λ)
78,1,0.00154308443618765,0.00206844689908358,9.83803806670001e-06,0.00745317950196207,Other,Force of Infection (λ)
79,1,0.00148231670391646,0.00202321231342246,8.70335550791223e-06,0.00727720593677465,Other,Force of Infection (λ)
80,1,0.00142413027198596,0.00197888201997703,7.69953479597907e-06,0.00708732398307787,Other,Force of Infection (λ)
81,1,0.00136840815815831,0.00193544933793622,6.81148554496264e-06,0.00688972958654468,Other,Force of Infection (λ)
82,1,0.00131503893512172,0.00189290635957944,6.02585713454176e-06,0.00670847466799501,Other,Force of Infection (λ)
83,1,0.00126391646152401,0.00185124409400329,5.33083821743665e-06,0.00654493889897715,Other,Force of Infection (λ)
84,1,0.00121493962564423,0.00181045259877937,4.71597931346733e-06,0.00638905562147975,Other,Force of Infection (λ)
85,1,0.00116801210119662,0.00177052110046346,4.17203583582296e-06,0.00622688541420847,Other,Force of Infection (λ)
86,1,0.00112304211476853,0.00173143810480857,3.69082919944686e-06,0.00607291587012645,Other,Force of Infection (λ)
87,1,0.00107994222440281,0.00169319149747069,3.26512393106795e-06,0.005921357166816,Other,Force of Infection (λ)
88,1,0.0010386291088461,0.00165576863593817,2.88851893924927e-06,0.0057726743629328,Other,Force of Infection (λ)
89,1,0.000999023366996472,0.00161915643336069,2.55535131436088e-06,0.00562689661628594,Other,Force of Infection (λ)
90,1,0.00096104932709667,0.00158334143490374,2.26061121571418e-06,0.00548937048393546,Other,Force of Infection (λ)
91,1,0.00092463486523333,0.00154830988720728,1.99986656896687e-06,0.00534443534413455,Other,Force of Infection (λ)
1,2,0.0148335767413538,0.001605065547053,0.0120811703835041,0.0181804154390841,Other,Force of Infection (λ)
2,2,0.0147983032343347,0.00158384962702766,0.0120747517620743,0.0180838250614242,Other,Force of Infection (λ)
3,2,0.0147626256676535,0.00156292230015914,0.0120617667835997,0.0179968708036739,Other,Force of Infection (λ)
4,2,0.0147265444175983,0.00154232114665247,0.0120548050604193,0.0179064927650068,Other,Force of Infection (λ)
5,2,0.0146900600100673,0.00152208519646531,0.0120366192945487,0.0178529677202965,Other,Force of Infection (λ)
6,2,0.0146531731209997,0.00150225488161656,0.0120270184311801,0.0177838073722866,Other,Force of Infection (λ)
7,2,0.0146158845766071,0.00148287196988251,0.0120118381056601,0.0176993856545755,Other,Force of Infection (λ)
8,2,0.0145781953534037,0.00146397947740014,0.0120031667580994,0.0176092137430094,Other,Force of Infection (λ)
9,2,0.0145401065780403,0.00144562155765585,0.0119805878303508,0.0175434842293558,Other,Force of Infection (λ)
10,2,0.0145016195269433,0.00142784336437977,0.0119612185911895,0.0174773090463253,Other,Force of Infection (λ)
11,2,0.014462735625764,0.00141069088601686,0.0119423386022812,0.017416060306219,Other,Force of Infection (λ)
12,2,0.0144234564486418,0.00139421074972911,0.0119241561051926,0.0173611652063552,Other,Force of Infection (λ)
13,2,0.0143837837172871,0.00137844999332299,0.0119062545051168,0.0173024430485725,Other,Force of Infection (λ)
14,2,0.0143437192998886,0.00136345580411315,0.0118879688740676,0.0172271078465859,Other,Force of Infection (λ)
15,2,0.0143032652098522,0.00134927522454167,0.0118628946495044,0.0171401956175355,Other,Force of Infection (λ)
16,2,0.0142624236043775,0.00133595482537642,0.0118255351045638,0.0170760903073349,Other,Force of Infection (λ)
17,2,0.0142211967828774,0.00132354034850396,0.0118055706043934,0.0170097093906673,Other,Force of Infection (λ)
18,2,0.0141795871852507,0.00131207632268646,0.011797873030509,0.0169325394951127,Other,Force of Infection (λ)
19,2,0.0141375973900119,0.00130160565712308,0.0117705843310438,0.0168691812495403,Other,Force of Infection (λ)
20,2,0.0140952301122881,0.00129216921917889,0.011737769471538,0.0167907497244424,Other,Force of Infection (λ)
21,2,0.0140524882016881,0.00128380540413241,0.0117115194874113,0.0167242772996531,Other,Force of Infection (λ)
22,2,0.0140093746400535,0.0012765497061442,0.0116894489573538,0.0166836782294192,Other,Force of Infection (λ)
23,2,0.0139658925390979,0.00127043430075067,0.0116810301947412,0.0166177285663946,Other,Force of Infection (λ)
24,2,0.0139220451379417,0.00126548764992643,0.0116602695641603,0.0165379281445587,Other,Force of Infection (λ)
25,2,0.0138778358005502,0.00126173414103324,0.0116215678756443,0.016505670643566,Other,Force of Infection (λ)
26,2,0.0138332680130824,0.00125919377070465,0.0115843622636139,0.0164632785663414,Other,Force of Infection (λ)
27,2,0.0137883453811569,0.00125788188386078,0.0115367107049794,0.0164198413779818,Other,Force of Infection (λ)
28,2,0.0137430716270419,0.00125780897661019,0.0114790630166532,0.0163415083138172,Other,Force of Infection (λ)
29,2,0.0136974505867771,0.00125898056982738,0.0114461899440954,0.0163004159990007,Other,Force of Infection (λ)
30,2,0.0136514862072316,0.00126139715779809,0.0114022834062771,0.0162539222586156,Other,Force of Infection (λ)
31,2,0.0136051825431071,0.00126505423364364,0.011336516707845,0.0162087454451528,Other,Force of Infection (λ)
32,2,0.0135585437538893,0.00126994239044214,0.0112505150575622,0.0161632189100504,Other,Force of Infection (λ)
33,2,0.0135115741007559,0.00127604749424385,0.0111682230413536,0.0161171733701565,Other,Force of Infection (λ)
34,2,0.0134642779434451,0.00128335092270467,0.0110675336139725,0.0160654880110188,Other,Force of Infection (λ)
35,2,0.013416659737091,0.00129182986098922,0.0109710543232513,0.016017463770845,Other,Force of Infection (λ)
36,2,0.0133687240290297,0.00130145764503273,0.0108822227103179,0.0159755358085404,Other,Force of Infection (λ)
37,2,0.0133204754555828,0.0013122041412644,0.010805870726252,0.0159274060515166,Other,Force of Infection (λ)
38,2,0.0132719187388215,0.00132403615149646,0.0107470739022719,0.0158939296028246,Other,Force of Infection (λ)
39,2,0.0132230586833161,0.00133691783183977,0.0106952668489729,0.0158589187817229,Other,Force of Infection (λ)
40,2,0.0131739001728764,0.00135081111514721,0.0105905573121363,0.0158251327338023,Other,Force of Infection (λ)
41,2,0.0131244481672846,0.00136567612751306,0.0104734146445143,0.015784614926595,Other,Force of Infection (λ)
42,2,0.0130747076990279,0.00138147159065806,0.0103812751403425,0.0157564156134016,Other,Force of Infection (λ)
43,2,0.0130246838700311,0.0013981552034939,0.0102827225616474,0.015740827483959,Other,Force of Infection (λ)
44,2,0.0129743818483959,0.00141568399768125,0.0101584335395737,0.0157326114420207,Other,Force of Infection (λ)
45,2,0.0129238068651476,0.00143401466348456,0.0100268619082603,0.0157254078908978,Other,Force of Infection (λ)
46,2,0.0128729642109948,0.00145310384361244,0.00993163661668738,0.0156983762756795,Other,Force of Infection (λ)
47,2,0.0128218592331038,0.00147290839396668,0.00983052037128116,0.0156807792371179,Other,Force of Infection (λ)
48,2,0.0127704973318904,0.0014933856112753,0.00967262154791307,0.0156787758332013,Other,Force of Infection (λ)
49,2,0.0127188839578333,0.00151449342844333,0.00957112497514932,0.0156739515031316,Other,Force of Infection (λ)
50,2,0.012667024608311,0.00153619057912085,0.00945286718335314,0.0156533268543065,Other,Force of Infection (λ)
51,2,0.012614924824464,0.00155843673347368,0.00932685820788096,0.0156208823579411,Other,Force of Infection (λ)
52,2,0.0125625901880864,0.00158119260746566,0.0091879762621515,0.0155717982429642,Other,Force of Infection (λ)
53,2,0.0125100263185476,0.00160442004814773,0.00912706867409037,0.0155413104650997,Other,Force of Infection (λ)
54,2,0.0124572388697472,0.00162808209751958,0.00902331783314554,0.0155273970237729,Other,Force of Infection (λ)
55,2,0.012404233527105,0.00165214303751034,0.00887517434857449,0.0155045865377269,Other,Force of Infection (λ)
56,2,0.0123510160045877,0.00167656841853675,0.00877522271987497,0.0154770677979687,Other,Force of Infection (λ)
57,2,0.0122975920417746,0.00170132507395958,0.00868296285511838,0.0154373374037226,Other,Force of Infection (λ)
58,2,0.0122439674009638,0.00172638112258934,0.00853927823352692,0.0154166788072009,Other,Force of Infection (λ)
59,2,0.0121901478643197,0.00175170596120324,0.00838491478934129,0.0153951084799852,Other,Force of Infection (λ)
60,2,0.0121361392310654,0.00177727024883842,0.0082510300790988,0.0153851896653425,Other,Force of Infection (λ)
61,2,0.0120819473147189,0.00180304588442937,0.00813856735230457,0.0153509807902945,Other,Force of Infection (λ)
62,2,0.0120275779403758,0.00182900597916689,0.00802172905082478,0.0153216283775689,Other,Force of Infection (λ)
63,2,0.01197303694204,0.00185512482477554,0.00786312355867753,0.0153054188500608,Other,Force of Infection (λ)
64,2,0.0119183301600022,0.00188137785873931,0.00774710544062401,0.0152821859370348,Other,Force of Infection (λ)
65,2,0.0118634634382684,0.00190774162735256,0.00761123372018598,0.0152586734442282,Other,Force of Infection (λ)
66,2,0.0118084426220382,0.00193419374733605,0.0074771234103051,0.0152351301351798,Other,Force of Infection (λ)
67,2,0.0117532735552351,0.00196071286663545,0.00735634835186447,0.0152073005957353,Other,Force of Infection (λ)
68,2,0.0116979620780885,0.00198727862491205,0.00724874729333901,0.0151862252069593,Other,Force of Infection (λ)
69,2,0.0116425140247676,0.00201387161414155,0.00714329001834844,0.0151648541877228,Other,Force of Infection (λ)
70,2,0.01158693522107,0.00204047333965554,0.0070357269382909,0.0151542600597929,Other,Force of Infection (λ)
71,2,0.0115312314821623,0.00206706618189049,0.00693012599818202,0.015137747807029,Other,Force of Infection (λ)
72,2,0.0114754086103759,0.00209363335904983,0.00682602981108752,0.0151205811308766,Other,Force of Infection (λ)
73,2,0.0114194723930568,0.00212015889083439,0.0066998585908243,0.0151114744496816,Other,Force of Infection (λ)
74,2,0.0113634286004703,0.00214662756335484,0.00657278693365396,0.0150861231994777,Other,Force of Infection (λ)
75,2,0.0113072829837599,0.00217302489530413,0.0064482409786844,0.0150463071270311,Other,Force of Infection (λ)
76,2,0.0112510412729623,0.00219933710543992,0.0063430166537798,0.0150098914618461,Other,Force of Infection (λ)
77,2,0.0111947091750767,0.00222555108140255,0.00624036594851448,0.0149896454247316,Other,Force of Infection (λ)
78,2,0.0111382923721893,0.00225165434987574,0.00613805400034743,0.0149690285899774,Other,Force of Infection (λ)
79,2,0.0110817965196528,0.00227763504808159,0.00603729492724802,0.0149487200063554,Other,Force of Infection (λ)
80,2,0.0110252272443212,0.00230348189658942,0.00593770825657513,0.0149276750653182,Other,Force of Infection (λ)
81,2,0.0109685901428391,0.0023291841734089,0.00584643620098386,0.0148872397055421,Other,Force of Infection (λ)
82,2,0.0109118907799851,0.00235473168933062,0.00575767839701109,0.0148483424693049,Other,Force of Infection (λ)
83,2,0.0108551346870704,0.00238011476447233,0.00566976757495777,0.0148397777554822,Other,Force of Infection (λ)
84,2,0.0107983273603904,0.00240532420598518,0.00557014808280224,0.014831090335319,Other,Force of Infection (λ)
85,2,0.0107414742597308,0.00243035128687226,0.00548301205533724,0.0148200745806659,Other,Force of Infection (λ)
86,2,0.0106845808069261,0.00245518772587017,0.0054001089861498,0.0148120243508799,Other,Force of Infection (λ)
87,2,0.0106276523844713,0.00247982566834381,0.00530286763297679,0.0148051676691886,Other,Force of Infection (λ)
88,2,0.0105706943341858,0.00250425766814516,0.00518741939824182,0.0147972893286405,Other,Force of Infection (λ)
89,2,0.010513711955929,0.0025284766703868,0.00508804807115537,0.0147948732448276,Other,Force of Infection (λ)
90,2,0.0104567105063672,0.00255247599508275,0.00499905884657732,0.0147776434043862,Other,Force of Infection (λ)
91,2,0.0103996951977911,0.00257624932161003,0.004899956031924,0.0147634766638754,Other,Force of Infection (λ)
