"","b1.w1","b2.w1","b3.w1","b4.w1","b5.w1","b6.w1","b7.w1","b8.w1","b9.w1","b10.w1","b11.w1","b12.w1","b13.w1","b14.w1","b15.w1","b16.w1","b17.w1","b18.w1","b19.w1","b20.w1","b21.w1","b22.w1","b23.w1","b24.w1","b25.w1","b26.w1","b27.w1","b28.w1","b29.w1","b30.w1","b31.w1","b32.w1","b1.w2","b2.w2","b3.w2","b4.w2","b5.w2","b6.w2","b7.w2","b8.w2","b9.w2","b10.w2","b11.w2","b12.w2","b13.w2","b14.w2","b15.w2","b16.w2","b17.w2","b18.w2","b19.w2","b20.w2","b21.w2","b22.w2","b23.w2","b24.w2","b25.w2","b26.w2","b27.w2","b28.w2","b29.w2","b30.w2","b31.w2","b32.w2","b1.w3","b2.w3","b3.w3","b4.w3","b5.w3","b6.w3","b7.w3","b8.w3","b9.w3","b10.w3","b11.w3","b12.w3","b13.w3","b14.w3","b15.w3","b16.w3","b17.w3","b18.w3","b19.w3","b20.w3","b21.w3","b22.w3","b23.w3","b24.w3","b25.w3","b26.w3","b27.w3","b28.w3","b29.w3","b30.w3","b31.w3","b32.w3"
"b1",1,2.20825966244488e-28,-7.00713837373375e-17,3.59228844184368e-17,6.6351952468699e-10,9.82285687509094e-17,-2.6321518720222e-16,3.08849270882449e-17,-1.34087003859932e-15,-5.90356238096689e-17,-2.70440981570533e-17,-5.75150180974356e-18,-1.34411751229462e-17,2.54417152408355e-21,-4.19072389888345e-17,6.09738005018592e-18,-6.15225297014387e-15,1.38644653114973e-16,6.38326096915222e-17,-3.32940465358098e-22,1.46649161636669e-21,1.84377339011108e-10,1.53645685509207e-16,1.61575130465581e-21,-7.8519756774258e-08,2.61780296775001e-16,8.84514317074521e-10,3.55525391396914e-10,8.42520953489847e-10,2.16492330220177e-33,0,-7.85113950363702e-22,1,-0.138656204496812,-0.0575819354483634,-0.0561813322986122,-0.0152962767954135,-0.00783330254985976,-0.0029367439757764,-0.00755823177321113,3.87233701424088e-11,-3.51680394841161e-11,1.18594248179106e-11,-2.48657781750127e-12,-2.51315780679184e-13,5.2365480553177e-15,-1.0373826749593e-12,-8.66369786868598e-13,-2.86537700285138e-12,-8.13167256997771e-13,2.28900867081496e-11,-1.52585379390557e-11,5.66195035064275e-12,-2.70027612546016e-12,-9.79889561894824e-13,1.08031069016372e-12,-2.73405055875358e-11,-2.18470706750564e-12,4.38163395988362e-12,-6.8568882123573e-13,1.90866785093052e-11,-1.19871134920488e-11,8.53880223426003e-13,-4.57407489220391e-12,1,0.0111594138371827,0.0363624176682709,-0.145799440817492,-0.0396962569234658,-0.0203286587654024,-0.00762131498370201,-0.019614806574861,-3.41980387699914e-13,2.09340856523528e-12,-4.06522030109089e-12,1.12352692278206e-12,2.10988228560618e-13,1.58760395230076e-13,-8.98412962577282e-13,4.92160961913544e-13,-4.64672676641573e-13,-6.37522062861981e-13,-1.61714232496869e-12,3.49458673683954e-12,-9.78425928539242e-13,-5.04071413896979e-13,-2.08910843108924e-13,6.38256166454869e-13,1.14572533536029e-12,4.78287745187729e-12,-2.02520604282059e-11,7.53261838255494e-12,8.38210957840476e-12,2.62101537283272e-13,2.40192944839472e-13,-1.89738038499115e-12
"b2",2.20825966244488e-28,1,-3.09952057758829e-30,6.1472225802434e-12,2.37575116278447e-23,4.34651372337705e-30,-1.16471951716605e-29,-6.85435482341558e-24,-4.80105825627245e-29,-2.61229574932476e-30,6.00264712049747e-24,1.27646868328251e-24,2.9830885357319e-24,9.45198853887373e-35,-1.85443077744851e-30,-1.35336074391989e-24,1.36541755216781e-21,4.96424205797084e-30,2.82464698018673e-30,-6.70147040222254e-24,6.05344930264348e-31,2.38011998034927e-30,6.79632368573873e-30,6.26226607805244e-35,-2.81142297276026e-21,-5.81041651126239e-23,3.16702951345816e-23,1.27296916325238e-23,3.01667104049129e-23,8.39072555157333e-47,0,-2.81112705401553e-35,-0.138656204496812,1,-0.145264007293732,-0.141730655613524,-0.038588464318104,-0.0197613524339912,-0.00740862902980714,-0.0190674215206739,1.60660699192856e-11,2.1115031136524e-11,-1.5434509019917e-11,-7.88237959923202e-13,-1.18369210135509e-13,-5.09017267616731e-14,-8.42317352881982e-13,1.02312473950573e-13,6.52254942622204e-12,-2.78176604841591e-11,-6.15912613686282e-12,1.110720613211e-11,6.8625419061255e-13,3.24532536723858e-12,2.74934540398902e-13,8.7549548821682e-14,1.83404480082958e-10,1.31174458107251e-11,-3.46582967454955e-11,-9.61889807765383e-12,-7.12656090057085e-12,-7.70660031352371e-13,-8.66585664180376e-13,-2.50813094684345e-12,0.0111594138371824,1,-0.180839632899188,-0.142452176165369,-0.0387849099705965,-0.0198619532640481,-0.00744634478455574,-0.0191644896973363,3.15851921113126e-13,1.2909243489024e-11,-5.41838166253194e-12,-5.24709460501038e-13,-1.09761982506355e-12,-4.6383036217229e-14,1.64365779693343e-14,-1.56360318539933e-13,4.75377875915423e-15,-5.4390557719572e-14,2.28553312883601e-13,-3.25324472001596e-13,-6.81802547018877e-14,-1.36056916776586e-13,2.16231370356884e-12,-2.5096413539504e-13,-6.57756425007605e-14,2.36598415954391e-12,-3.79790444968007e-14,3.23411454604813e-14,7.94222785244516e-13,-3.87835136307413e-12,-4.27436616180740e-12,1.37439159739405e-12
"b3",-7.00713837373375e-17,-3.09952057758829e-30,1,-5.04214795727401e-19,2.86285495079702e-19,-1.3795688036508e-18,1.85433882085102e-11,-4.33653318200374e-19,1.52357362570599e-17,8.29024042539217e-19,1.90508718116311e-12,-4.05118459868259e-13,-9.46755881385896e-13,-1.45034323467809e-23,5.88553177051325e-19,-4.29522201285082e-13,-4.33348552209234e-10,-1.57520156599708e-18,-8.96500457019893e-19,1.55655177725155e-22,-5.04982405866232e-12,-4.1904108480038e-12,-1.08241481372387e-11,1.0533831423846e-23,8.92273629367812e-10,-1.84407808598736e-11,2.0036463352092e-18,-4.04007801870394e-12,-9.57414108082506e-12,1.41141381382375e-35,0,2.69814278906186e-12,-0.057581935448366,-0.145264007293732,1,-0.474451401567785,-0.129177071131133,-0.0661522471457174,-0.0248008055261808,-0.0638292740954057,-1.16962405898613e-11,-1.6384889455261e-12,2.6272441013568e-12,1.00414309468433e-12,1.4697112909367e-13,5.96556913539733e-14,4.34582579538082e-13,1.59389452338862e-13,-3.22716489510333e-12,6.21666577545901e-12,1.79736706801899e-13,-1.87952206089729e-12,-2.69308079773484e-13,-9.17345598268361e-13,1.90493040630094e-13,-2.17500551586812e-13,-3.86101721400396e-11,-2.61531045365914e-12,7.42471909923992e-12,2.4904680553555e-12,-2.18177392080546e-12,2.55517343336275e-12,-6.68944495774852e-14,1.51543288170513e-12,0.0363624176682717,-0.180839632899189,1,-0.464173621775489,-0.126378779277437,-0.0647192273944104,-0.0242635593130651,-0.0624465756335318,-1.0146915290447e-13,2.71808242548328e-12,-2.3248768466452e-12,4.01352238787032e-13,-1.24859955981746e-13,-1.49393365712983e-14,-3.81950547823331e-13,2.48767553088572e-13,-1.81249802933004e-13,-4.21029700198621e-13,-3.08795270318387e-14,9.97680465565724e-13,-3.70716729022278e-13,-1.68803500705421e-13,-4.78154790137863e-13,2.49684201531791e-13,8.36688146342765e-13,-1.80603765736041e-11,-1.55806887346022e-12,6.48719843080606e-12,2.06525608667315e-12,1.34236330828358e-13,-1.47756366014012e-13,-4.07557137673794e-14
"b4",3.59228844184368e-17,6.1472225802434e-12,-5.04214795727401e-19,1,3.86475539444418e-12,7.07069520688309e-19,-1.89470854839282e-18,-1.1150328028539e-12,-7.81012594484963e-18,-4.24955451868692e-19,9.76481173756326e-13,2.07649660740277e-13,4.85274202583663e-13,1.53760310701154e-23,-3.01669697695424e-19,-2.20158083793723e-13,2.22119426187061e-10,8.07558534471397e-19,4.59499707927428e-19,-1.09016231554075e-12,9.84745423420766e-20,3.87186237244565e-19,1.10559258218199e-18,1.01871471161282e-23,-4.57348491300106e-10,-9.45210041675818e-12,5.15196818094191e-12,2.07080375996728e-12,4.90737239641621e-12,1.36496205270659e-35,0,-4.57300352691024e-24,-0.0561813322986157,-0.141730655613524,-0.474451401567785,1,-0.29837023758659,-0.152796943951684,-0.0572843320588001,-0.14743139405548,8.89733306416823e-13,1.89022282262059e-12,-8.82157197021925e-13,-2.08764441063779e-13,-4.36635074919777e-14,-3.02040352557642e-14,-2.18035063022793e-14,-9.63422399920441e-15,-4.47731285107783e-12,2.45939962206113e-14,-9.42888889150777e-13,1.65392194124231e-12,-4.60246579728594e-13,3.66820665062153e-13,1.18190850527601e-13,4.74421543533874e-14,-2.36495034923071e-12,3.79341144357468e-14,3.71420947738119e-13,1.70266916542125e-13,1.72262487826946e-14,-1.72295696141259e-13,-2.44643881407319e-13,2.63828987037543e-13,-0.145799440817493,-0.142452176165369,-0.464173621775489,1,-0.298370237588321,-0.152796943951518,-0.0572843320596261,-0.147431394055422,-4.36429877170314e-14,-7.00352720127484e-12,3.92049849435383e-12,-4.43384492658522e-14,3.54102529653027e-13,8.20497799405364e-15,3.52783179852562e-13,-1.14624683182343e-13,1.84867274814682e-13,2.56996205654027e-13,-6.69978785462678e-13,-3.58062712570178e-13,4.09083083661265e-13,2.17255530874156e-13,-2.21714787517338e-13,-1.26557860284942e-13,-1.16561728907439e-12,1.55831683214115e-11,2.64952970474181e-12,-6.03829265105809e-12,-3.26874678951948e-12,6.66287531438036e-13,1.35566522243122e-12,-2.29794887433883e-13
"b5",6.6351952468699e-10,2.37575116278447e-23,2.86285495079702e-19,3.86475539444418e-12,1,1.0569122578887e-11,1.07748456512501e-18,3.32274789465541e-12,-1.44278459137309e-10,-6.35227023673431e-12,-2.90987023521394e-12,-6.18786703003789e-13,-1.44609542244811e-12,1.4677921634324e-12,1.71588304019114e-19,6.56061245517848e-13,-6.61905958142245e-10,1.49160536441351e-11,-2.73779357295851e-19,-6.15916357427903e-21,-3.07371045770806e-19,6.40052204306337e-12,-6.27577408195247e-19,2.43512247235426e-12,-1.06556536756799e-16,2.81668365987785e-11,1.17126857804101e-18,2.36542845342868e-19,1.14335975348934e-18,3.26278763874367e-24,0,-3.72312420184825e-21,-0.0152962767954152,-0.0385884643181037,-0.129177071131133,-0.29837023758659,1,-0.136784444428996,-0.0512811665761771,-0.131981182383492,-4.18752955044641e-12,-9.57824162165959e-13,1.55849962710053e-12,1.86552612893304e-13,2.29040415349372e-14,5.10651401980783e-15,1.50884220486847e-13,1.72534660421225e-14,1.1816327931527e-11,3.80628238528518e-12,-1.95774855431075e-12,-1.59972999980223e-12,-5.08985213788743e-13,-1.89502840897741e-13,-3.37406018272655e-13,-1.72211317288524e-13,-1.44659516976215e-11,-8.58568153535438e-13,2.62989004949193e-12,7.0371998113649e-13,2.20683412929772e-13,7.58609293018444e-13,6.85917349766397e-13,2.68681739812199e-14,-0.0396962569234663,-0.038784909970596,-0.126378779277438,-0.298370237588321,1,-0.136784444428581,-0.0512811665762763,-0.131981182383842,6.72291512421164e-14,1.05711447374009e-12,-2.00367876161698e-13,-2.59391669527125e-13,7.29304926769117e-14,-2.08593760088987e-14,5.12066217166718e-14,-7.43764759135604e-14,2.02483103302976e-14,-2.29913080768527e-13,5.43412206118406e-13,-4.07581253257987e-13,4.35746693574796e-14,2.88127419275754e-14,-7.11183774221242e-14,-5.06154092722429e-14,-2.17845864105653e-13,-3.67484476155531e-12,1.86595206074267e-12,1.51818740744802e-13,-7.86809497882055e-15,3.49470276681278e-13,-2.95262533161145e-13,1.39935990110834e-13
"b6",9.82285687509094e-17,4.34651372337705e-30,-1.3795688036508e-18,7.07069520688308e-19,1.0569122578887e-11,1,-5.18215708840454e-18,-3.04933098461112e-12,-2.1358678652843e-17,-1.16214377449579e-18,-5.32440706048932e-19,-1.13220632364239e-19,-2.64530741000216e-19,4.17601611001254e-23,-8.24989108875739e-19,6.02076577820966e-13,6.07440110180714e-10,2.20818694764118e-18,1.25661363228615e-18,-2.9813165305093e-12,2.69470817972187e-19,5.87384823253821e-12,1.51725942169341e-11,2.77849569367053e-23,-1.25073174695153e-09,5.15389565253842e-18,-2.80859295817509e-18,5.66312134731537e-12,1.3420414775751e-11,3.72286877006483e-35,0,-1.02270448348265e-22,-0.00783330254985937,-0.0197613524339912,-0.0661522471457174,-0.152796943951684,-0.136784444428996,1,-0.0716013490502227,-0.184278777936037,-2.58645422422692e-13,-2.17177597524931e-13,2.37079187636514e-13,-3.39019169087765e-15,4.78660514041635e-15,6.97308865563618e-15,-2.06920264756589e-14,-1.36202834007603e-14,-2.79213576325543e-12,8.79386954995379e-13,1.82839636834805e-13,1.23666774529914e-13,-1.07701909481415e-13,-2.33471143911142e-14,6.34204030425482e-14,1.67243419451897e-14,-7.44360710700861e-12,-2.69930797016371e-13,1.32150640446901e-12,4.74103056342837e-13,1.62814662242924e-13,4.72214545662283e-14,-6.89975908381263e-14,-6.76629895904662e-14,-0.0203286587654017,-0.0198619532640472,-0.0647192273944106,-0.152796943951518,-0.136784444428581,1,-0.0716013490497104,-0.1842787779363,2.18078970753952e-14,7.01383339567307e-13,-2.13982376328211e-13,-2.06466397489762e-14,-7.7164056769924e-14,-1.54556188299145e-14,2.60532979007679e-14,-3.89944406272905e-14,1.00766202469687e-14,-2.81680939035733e-13,3.07787981929094e-13,-1.64281337710977e-13,2.231481386563e-14,1.47551543701639e-14,-3.64200893983161e-14,-2.59204132371769e-14,-2.414704150002e-13,-5.64480485543622e-12,2.1637960970298e-12,6.55809225353294e-13,1.14369042484528e-13,2.40576290890087e-13,-2.11710427618179e-13,1.21700862091816e-13
"b7",-2.6321518720222e-16,-1.16471951716605e-29,1.85433882085102e-11,-1.89470854839281e-18,1.07748456512501e-18,-5.18215708840454e-18,1,-1.62898765837327e-18,5.72319422781242e-17,3.11416890849711e-18,1.42677825662102e-18,-1.52179821965097e-12,-3.55642005354599e-12,-5.44810955529725e-23,2.21085747930373e-18,-3.21682358473881e-19,-1.62784252155189e-09,-5.91713085475485e-18,-3.36763918348333e-18,-2.63155535672686e-25,-1.89692991651314e-11,-2.8389167203219e-18,-4.06601302981509e-11,3.95695765516491e-23,3.35176141084803e-09,-1.38108667289006e-17,7.52655266983968e-18,-1.51762611313544e-11,-3.59645691192965e-11,5.30187400053937e-35,0,1.01353784134638e-11,-0.00293674397577729,-0.00740862902980694,-0.0248008055261807,-0.0572843320588001,-0.0512811665761772,-0.0716013490502226,1,-0.162717284498881,-4.08030783557701e-15,-8.13350342338823e-15,2.5773186567352e-14,-9.85765941112242e-15,-2.90923731393886e-15,-2.57716545194791e-15,9.26252750705458e-15,-1.45291867929438e-15,-1.43359373415208e-12,2.90644180906977e-13,8.3637679803205e-14,1.09852963860352e-13,-4.43782487056401e-14,6.85920054142206e-15,3.51443049459513e-14,8.18255932032341e-15,-2.82199226212544e-12,2.54908208735868e-14,4.45935334574681e-13,1.88103296438008e-13,1.23838263829578e-14,2.16886305095377e-15,-6.14073886006929e-14,6.77846057511719e-14,-0.00762131498370176,-0.00744634478455542,-0.0242635593130652,-0.0572843320596261,-0.0512811665762762,-0.0716013490497104,1,-0.162717284498685,3.87589182422232e-14,-6.28750578826739e-13,6.96768308342407e-13,-1.49125966457779e-13,1.44218447074374e-15,7.36451885977599e-14,7.57569340662498e-16,-6.26639837129772e-14,1.04054771053901e-14,3.607278134681e-12,-5.52799509899785e-13,-1.06812171752797e-12,8.36593436996818e-15,5.53178053779939e-15,-1.36540721635276e-14,-9.71769146255468e-15,4.62875109332504e-12,5.03765759847519e-13,-3.63470106223981e-13,-7.0539477763867e-13,-1.75746810199667e-13,-5.16331996561827e-14,7.65652007629336e-14,1.73410064332359e-13
"b8",3.08849270882449e-17,-6.85435482341558e-24,-4.33653318200373e-19,-1.1150328028539e-12,3.32274789465541e-12,-3.04933098461112e-12,-1.62898765837327e-18,1,-6.71476703457205e-18,-3.65356458115497e-19,-1.67367601401616e-19,1.78528109195006e-13,4.17217565005595e-13,1.28315787433228e-23,-2.59362430632343e-19,-1.89282305018865e-13,1.90968581556382e-10,-4.30347781520416e-12,3.95057780192544e-19,1.03724901184557e-23,8.46641106241856e-20,3.32994781833433e-19,9.50826052360299e-19,8.11465598629136e-24,-3.93208258089464e-10,1.62007800462022e-18,4.42943722910375e-12,1.78038663030713e-12,4.21914445657359e-12,1.08727177155618e-35,0,-3.93166870727372e-24,-0.00755823177320423,-0.0190674215206749,-0.0638292740954062,-0.147431394055481,-0.131981182383491,-0.184278777936037,-0.162717284498881,1,-1.42084818452247e-12,-1.13543609327851e-12,1.00885727698034e-12,4.67560075704077e-14,3.50643655396582e-15,-1.75416373903184e-15,5.83453406506312e-14,4.52969851159351e-15,2.17170705496093e-12,1.33963415460241e-12,-1.34056943498493e-14,-6.7933468819225e-13,-5.35991187336899e-14,-2.18917952908119e-13,-8.18046763973614e-14,-7.92120757895771e-15,-6.79290798662235e-12,-1.87086294959551e-12,1.84638783897419e-12,1.84753701759423e-13,6.13179917868145e-13,1.02103278032508e-14,1.72766159383713e-13,1.50444477043025e-13,-0.0196148065748616,-0.0191644896973349,-0.0624465756335321,-0.147431394055422,-0.131981182383843,-0.184278777936299,-0.162717284498684,1,7.19266259055735e-15,-1.74613072551214e-13,1.43034293927227e-13,-3.13926771641351e-14,1.48782586618316e-14,-1.21421787671999e-14,3.04513622994805e-14,-9.29430856349668e-15,9.11844311841478e-15,-6.10339685697178e-13,3.57907191114979e-13,-6.67343389547307e-14,2.15312167194483e-14,1.42370188901158e-14,-3.51411776453622e-14,-2.50102034637515e-14,-8.21343920810722e-13,1.57744737040857e-12,-1.15351146673949e-13,-3.67734305938469e-13,-1.07607932329346e-13,1.03330299363175e-13,3.40849968885411e-13,-7.28909606408705e-14
"b9",-1.34087003859932e-15,-4.80105825627245e-29,1.52357362570599e-17,-7.81012594484963e-18,-1.44278459137309e-10,-2.1358678652843e-17,5.72319422781242e-17,-6.71476703457205e-18,1,-3.97895141312182e-11,5.88043762199734e-18,-7.75194547517126e-12,-1.81161825427952e-11,-7.57912670988448e-22,9.11286765753614e-18,-1.32580731050845e-18,1.33770239327919e-15,-3.01430307344701e-17,8.60613496358496e-11,4.06977718016162e-11,9.66284227032742e-11,-1.293453572032e-17,-3.34074204270444e-17,-5.1540067912011e-22,1.70736641468929e-08,-5.69212068715947e-17,3.10231186337057e-17,-1.09363344848002e-21,-1.83201278093273e-10,-6.90578393458538e-34,0,2.58144926260328e-11,3.87233701424088e-11,1.60660699192856e-11,-1.16962405898612e-11,8.89733306416765e-13,-4.18752955044643e-12,-2.58645422422743e-13,-4.08030783558499e-15,-1.42084818452235e-12,1,0.102235223314143,-0.274822888849469,-0.0590249841170512,-0.010133556530505,-0.00553614240345968,-0.00248296890657357,-0.0132402285565775,5.42403761228502e-11,-1.0533521913618e-11,1.19792560385798e-12,-5.97325918611851e-12,9.48402575182275e-13,-1.84056026737589e-12,-1.42045554215679e-12,-1.49906181714332e-13,6.38110117602679e-13,-3.23213361680503e-12,1.07502578940674e-12,-1.12469995864544e-12,3.4496089335648e-12,-5.39200119415606e-13,2.58919387762111e-12,-7.21278907942669e-13,-3.41980387699913e-13,3.15851921113135e-13,-1.01469152904468e-13,-4.36429877170341e-14,6.72291512421172e-14,2.1807897075395e-14,3.87589182422227e-14,7.19266259055789e-15,1,0.0266326527367561,0.0923649521121974,-0.179448777647503,-0.0308082138400734,-0.0168310758916218,-0.00754876501701339,-0.0402531718691766,6.28568296103771e-12,-9.94408185200863e-14,-1.28426490889331e-13,-9.13551060210031e-13,-1.12298304226008e-13,-6.75442516219502e-14,-3.82433885949862e-14,-4.37017177185225e-14,-1.28570547671472e-13,-4.11603645196042e-13,-3.97825365752422e-13,1.16759645519196e-12,-3.11086796528802e-13,-1.23655470209051e-13,-7.84272579926751e-14,7.64394738784732e-14
"b10",-5.90356238096689e-17,-2.61229574932476e-30,8.29024042539217e-19,-4.24955451868692e-19,-6.35227023673432e-12,-1.16214377449579e-18,3.11416890849711e-18,-3.65356458115497e-19,-3.97895141312182e-11,1,3.19959504428811e-19,-3.41301486120349e-13,-7.97616552448211e-13,-2.85901443194855e-23,-2.4876087207898e-12,-7.21382790375206e-20,-3.65084585506409e-10,-1.32713281056051e-18,3.78909612072672e-12,1.79183542641984e-12,-1.65670089825752e-19,-6.3662940675082e-19,-1.81780233295497e-18,-1.67440121813491e-23,7.51716709761201e-10,-3.09713023296033e-18,1.68801854196825e-18,-6.32232470042012e-23,-8.0659582388252e-12,-2.24350752738367e-35,0,-1.04047547116938e-21,-3.51680394841161e-11,2.1115031136524e-11,-1.63848894552615e-12,1.89022282262062e-12,-9.57824162165925e-13,-2.17177597524861e-13,-8.13350342346924e-15,-1.13543609327857e-12,0.102235223314143,1,-0.386770340592172,-0.0830684565855767,-0.0142613998678862,-0.00779125673251822,-0.00349439136509386,-0.018633556069128,4.06726557547573e-11,2.4583307303444e-12,-1.23956066636316e-12,-6.35758786911088e-12,3.99829372189839e-13,-1.59592478686625e-12,-1.17301007204073e-12,-2.01113972149506e-13,5.02574814573328e-12,-2.35606372880254e-11,1.08210249685098e-11,-1.57082663904755e-12,2.43943422557898e-12,1.53324586306925e-13,2.22089058099828e-12,-5.13274270478407e-14,2.09340856523528e-12,1.2909243489024e-11,2.71808242548328e-12,-7.00352720127485e-12,1.05711447374009e-12,7.01383339567285e-13,-6.28750578826747e-13,-1.74613072551189e-13,0.026632652736756,1,-0.424306163980918,-0.0813511913239152,-0.0139665754831754,-0.00763018892087904,-0.0034221521883731,-0.0182483465704354,3.08273766492962e-13,2.53319155047764e-13,5.3096492335059e-14,-1.27156649071437e-12,1.60571791433417e-12,7.08047225032787e-14,-7.80694324475494e-13,-8.38535411382789e-14,-5.38229485734447e-13,2.43283302357226e-11,-7.75182142324348e-12,-3.66697520009069e-12,-8.54933106650108e-13,-7.83556843771229e-13,1.80086519109653e-12,7.49262747301025e-14
"b11",-2.70440981570533e-17,6.00264712049747e-24,1.90508718116311e-12,9.76481173756326e-13,-2.90987023521394e-12,-5.32440706048932e-19,1.42677825662102e-18,-1.67367601401616e-19,5.88043762199734e-18,3.19959504428811e-19,1,-1.56344582119708e-13,-3.65374988572291e-13,-1.15769953286409e-23,2.27134600936105e-19,-1.6576255029063e-13,-1.67239227580687e-10,-6.0795011500257e-19,-3.45968731986223e-19,8.20810258289872e-13,-7.41998009119913e-20,-1.61717645060378e-12,-4.17728907707814e-12,-7.67015584404796e-24,3.44349027607987e-10,-7.11672378176893e-12,7.73258486341938e-19,-1.55915953515016e-12,-3.69488244732689e-12,-1.02771379917504e-35,0,3.32970967881578e-23,1.18594248179106e-11,-1.5434509019917e-11,2.62724410135682e-12,-8.821571970219e-13,1.55849962710054e-12,2.37079187636516e-13,2.57731865673926e-14,1.00885727698019e-12,-0.274822888849469,-0.386770340592172,1,-0.28759708115014,-0.0493753843966842,-0.0269746518337001,-0.0120981753883366,-0.0645125304746908,-3.4460726296519e-11,8.67928368192743e-13,4.23639922387e-13,4.81735059866367e-12,-3.02703918997297e-13,1.27304059215084e-12,9.54261265714896e-13,1.70220428214415e-13,-2.70106194873718e-12,1.16881689229607e-11,-5.00188729415755e-12,1.03763861059678e-12,-1.8754346549903e-12,-2.17426205459504e-14,-1.63495087291369e-12,1.09368663837049e-13,-4.06522030109089e-12,-5.41838166253194e-12,-2.3248768466452e-12,3.92049849435383e-12,-2.00367876161697e-13,-2.139823763282e-13,6.96768308342411e-13,1.43034293927216e-13,0.0923649521121982,-0.424306163980918,1,-0.282134827712356,-0.0484376110993034,-0.0264623295802131,-0.0118683980212254,-0.0632872614629471,5.24135190393463e-13,-2.74053013935713e-13,9.60141952494485e-13,-2.812954771834e-13,-6.99748476226418e-13,-3.83771973594512e-14,3.41082432444702e-13,2.31194352807539e-14,3.25300159059371e-13,-1.59133614252855e-11,5.05750200287756e-12,2.40385519560703e-12,4.37076780441469e-13,7.74680006575278e-13,-1.21031753489222e-12,2.0947363991186e-13
"b12",-5.75150180974356e-18,1.27646868328251e-24,-4.05118459868259e-13,2.07649660740277e-13,-6.18786703003789e-13,-1.13220632364239e-19,-1.52179821965097e-12,1.78528109195006e-13,-7.75194547517126e-12,-3.41301486120349e-13,-1.56344582119708e-13,1,-7.76973425759603e-14,7.88631007215967e-14,4.83012402880679e-20,3.52495516924269e-14,-3.55635825859776e-11,-1.29295696830736e-19,-7.42390888585538e-20,1.74546090534523e-13,-1.64936790284423e-20,-6.19977876013471e-20,-8.88304539731528e-13,1.3083685387799e-13,7.32261517631844e-11,1.51337755353422e-12,-8.24882582484766e-13,3.45483526733868e-23,-7.85720304522401e-13,1.75306529495619e-25,0,-2.11301610667907e-22,-2.48657781750114e-12,-7.88237959923253e-13,1.00414309468432e-12,-2.08764441063791e-13,1.86552612893293e-13,-3.39019169088596e-15,-9.85765941111922e-15,4.67560075704667e-14,-0.0590249841170508,-0.0830684565855795,-0.287597081150139,1,-0.207977907039479,-0.113622034543022,-0.0509596680005701,-0.271738260469099,-3.35367303343127e-12,4.14821711978415e-13,-3.12418363402327e-14,4.27001585075554e-13,-9.8513828905964e-14,1.32088373508757e-13,9.43260361044932e-14,1.94889052012905e-15,-6.22963313680872e-13,1.02510720047909e-12,-6.5793710255822e-13,2.24544546027061e-13,-2.95068652326694e-13,7.09951936954796e-14,-2.39614526830184e-13,1.04428016053531e-13,1.12352692278205e-12,-5.24709460501081e-13,4.01352238787022e-13,-4.43384492658267e-14,-2.59391669527129e-13,-2.0646639748978e-14,-1.49125966457776e-13,-3.13926771641364e-14,-0.179448777647504,-0.0813511913239185,-0.282134827712354,1,-0.207977907039448,-0.113622034542988,-0.0509596680005772,-0.271738260469054,-1.13352714908111e-12,9.56463370361026e-14,-5.17973402666137e-13,6.1761695095094e-13,-8.57116709545372e-14,1.63522659547761e-14,-4.22520669512983e-15,4.59715698443716e-14,5.7107955513277e-15,1.85577906857439e-12,-6.94206084333458e-13,-3.5057109484677e-13,5.54756404389328e-14,-7.86866263202081e-14,7.27848099375571e-14,-1.23927058377193e-13
"b13",-1.34411751229462e-17,2.9830885357319e-24,-9.46755881385896e-13,4.85274202583663e-13,-1.44609542244811e-12,-2.64530741000215e-19,-3.55642005354599e-12,4.17217565005595e-13,-1.81161825427952e-11,-7.97616552448211e-13,-3.65374988572291e-13,-7.76973425759603e-14,1,1.84301906294268e-13,-5.66304557807335e-13,8.23776837814411e-14,-8.31115693517955e-11,-3.02162141512526e-19,8.62588389912359e-13,-7.67751774362201e-22,-3.84950448328466e-20,-1.44849032083137e-19,2.0759538151733e-12,-3.53158507337568e-24,1.71128439490532e-10,3.53674108070309e-12,-1.92773846108402e-12,1.17519455416903e-22,-1.83621679348352e-12,-4.73192303606876e-36,0,-5.21673255859775e-22,-2.51315780679162e-13,-1.18369210135534e-13,1.46971129093674e-13,-4.36635074919812e-14,2.29040415349379e-14,4.78660514041528e-15,-2.90923731393804e-15,3.50643655397559e-15,-0.0101335565305053,-0.0142613998678873,-0.049375384396684,-0.207977907039479,1,-0.118118666632227,-0.0529764148341065,-0.282492397963576,-2.4140368708735e-12,5.77285630989298e-13,1.67441062733516e-13,9.57289749338554e-14,-2.2160590593067e-14,6.50469111854543e-15,5.98625152404078e-14,1.26997778164838e-15,2.19327071732171e-12,3.16205431157611e-13,-4.5598270714985e-13,-1.2092280279304e-13,-1.60818190922794e-13,-2.47897679471019e-14,-8.89935021346106e-14,3.44653580276211e-14,2.1098822856062e-13,-1.09761982506354e-12,-1.24859955981744e-13,3.54102529653023e-13,7.29304926769125e-14,-7.71640567699223e-14,1.44218447074352e-15,1.48782586618331e-14,-0.0308082138400723,-0.0139665754831748,-0.0484376110993039,-0.207977907039448,1,-0.118118666632223,-0.0529764148341133,-0.28249239796358,-2.06776550517593e-13,-4.99475957971579e-14,1.77389016377401e-13,-2.41503319332364e-14,-4.41206495405266e-14,-1.30874388656663e-14,6.25671966140725e-14,-1.35284698936671e-14,2.92613497217709e-14,-1.75150700374538e-12,5.81863260237687e-13,2.85600024906374e-13,4.20665165852821e-14,2.33966005836917e-14,-9.0981572981034e-14,5.29401836251334e-15
"b14",2.54417152408355e-21,9.45198853887373e-35,-1.45034323467809e-23,1.53760310701154e-23,1.4677921634324e-12,4.17601611001254e-23,-5.44810955529725e-23,1.28315787433228e-23,-7.57912670988448e-22,-2.85901443194855e-23,-1.15769953286409e-23,7.88631007215966e-14,1.84301906294268e-13,1,-3.30744175001289e-24,2.61015693509225e-24,-3.33756720604156e-21,5.71934924612972e-23,-8.75530524086098e-13,-4.14031802645763e-13,-9.83032688708384e-13,2.52894060885441e-23,3.16616008455185e-23,5.01449641241433e-24,3.97441708278547e-21,1.12062500856735e-22,-3.67533589163542e-23,1.17009391810574e-23,1.86376708825803e-12,6.71885586646984e-36,0,-5.25238628221053e-13,5.23654805535102e-15,-5.09017267616726e-14,5.96556913539672e-14,-3.02040352557651e-14,5.10651401980555e-15,6.97308865563556e-15,-2.57716545194722e-15,-1.75416373902876e-15,-0.0055361424034592,-0.00779125673251849,-0.0269746518337,-0.113622034543022,-0.118118666632227,1,-0.0648443671876913,-0.345777282940821,2.78018718745137e-13,-3.7078273120664e-14,-2.61567315099688e-14,2.75385892697134e-14,-1.1633562353606e-14,-2.3832666058863e-14,-1.27122299103248e-14,1.38227200365573e-14,-2.83320598470571e-13,6.31520561640325e-14,1.84713586199606e-14,-2.18271203897506e-14,1.72349737707289e-13,-1.17757299822974e-13,3.73995651368151e-15,-9.98341362070155e-15,1.58760395230081e-13,-4.63830362172079e-14,-1.49393365712934e-14,8.20497799404215e-15,-2.08593760088971e-14,-1.54556188299133e-14,7.36451885977588e-14,-1.21421787672008e-14,-0.0168310758916212,-0.0076301889208774,-0.0264623295802142,-0.113622034542988,-0.118118666632223,1,-0.0648443671876937,-0.345777282940792,-1.06637665664488e-13,1.09634998825445e-14,-6.44902953406503e-14,6.82623034298606e-14,-9.90410908197238e-15,-1.20866565206863e-15,4.46793375121515e-14,-4.74925081110998e-15,2.79898086353202e-15,-2.42806854062193e-14,5.13235224465696e-14,-2.89573762288153e-14,1.63853547866539e-14,-8.43800373663475e-14,4.04443175892319e-14,-1.20086645240184e-15
"b15",-4.19072389888345e-17,-1.85443077744851e-30,5.88553177051325e-19,-3.01669697695424e-19,1.71588304019114e-19,-8.2498910887574e-19,2.21085747930373e-18,-2.59362430632343e-19,9.11286765753614e-18,-2.4876087207898e-12,2.27134600936105e-19,4.83012402880679e-20,-5.66304557807336e-13,-3.30744175001289e-24,1,-5.12099156130873e-20,-2.59208593322239e-10,-9.4208324183023e-19,2.69024307041216e-12,-4.45699328643342e-24,-1.14895308112989e-19,-4.51926622266133e-19,-1.29052191527492e-18,1.40633914639168e-24,5.33715853320935e-10,-2.19860772933253e-18,1.19837456368466e-18,-3.57882221030534e-24,1.14150037666538e-18,1.8843347859592e-36,0,1.61390131202813e-12,-1.0373826749592e-12,-8.42317352882058e-13,4.34582579538091e-13,-2.18035063022853e-14,1.5088422048685e-13,-2.06920264756575e-14,9.26252750705517e-15,5.83453406506328e-14,-0.00248296890657428,-0.00349439136509719,-0.0120981753883353,-0.0509596680005697,-0.0529764148341064,-0.0648443671876914,1,-0.263302041443304,-2.37526941451533e-12,5.62118523049884e-13,-5.5132532071214e-14,2.28916180262387e-13,-4.0485330742899e-14,7.38691041976665e-14,6.10436742932384e-14,6.23079147504781e-15,-1.25298863843811e-13,3.42387758430229e-14,2.6457489965148e-14,4.05114735024537e-14,-1.53772140313324e-13,1.40790861275506e-14,-1.25768756687306e-13,8.59253719173095e-14,-8.98412962577277e-13,1.64365779693668e-14,-3.81950547823323e-13,3.52783179852544e-13,5.12066217166746e-14,2.605329790077e-14,7.57569340661157e-16,3.04513622994801e-14,-0.00754876501701365,-0.00342215218837057,-0.0118683980212264,-0.0509596680005774,-0.0529764148341134,-0.0648443671876937,1,-0.263302041443325,-4.62873766217294e-14,-4.09361802898586e-14,2.69831156828829e-13,-1.88744250616319e-13,-3.43131043738482e-15,1.06946850752566e-15,-2.98615500164598e-15,1.97775611284437e-16,3.36731348831008e-14,-1.60438914479777e-12,5.20343791255303e-13,2.00487524828802e-13,3.24664123893765e-14,1.47894367605884e-13,-1.17658151481136e-13,6.38342621677322e-14
"b16",6.09738005018591e-18,-1.35336074391989e-24,-4.29522201285082e-13,-2.20158083793723e-13,6.56061245517848e-13,6.02076577820966e-13,-3.21682358473881e-19,-1.89282305018865e-13,-1.32580731050845e-18,-7.21382790375206e-20,-1.6576255029063e-13,3.52495516924269e-14,8.23776837814411e-14,2.61015693509225e-24,-5.12099156130873e-20,1,3.77058655806215e-11,1.37069644939763e-19,7.80023364857794e-20,-1.8506041742731e-13,1.6729135620688e-20,3.64609659759711e-13,9.41814326162596e-13,1.72931835085504e-24,-7.76371568778034e-11,3.19931290055877e-19,-1.74340202251876e-19,3.5152912807345e-13,8.33050612051464e-13,2.31709025015377e-36,0,-7.50718520935938e-24,-8.66369786868792e-13,1.02312473950691e-13,1.59389452338848e-13,-9.63422399919552e-15,1.72534660421137e-14,-1.36202834007646e-14,-1.45291867929502e-15,4.52969851160778e-15,-0.0132402285565768,-0.0186335560691224,-0.0645125304746927,-0.2717382604691,-0.282492397963576,-0.345777282940821,-0.263302041443304,1,9.51033525830728e-13,-7.74436381968595e-14,-1.45361825560931e-13,-4.22821053796063e-14,-2.5958673345114e-14,2.47773933572007e-14,-1.97392004155418e-14,-1.64735881016774e-14,-6.74974164737721e-13,1.59768374127787e-13,7.10103224854759e-14,2.20724910304593e-14,-9.25073195566061e-14,1.02287488346279e-13,2.23469587689769e-14,-3.33832660694556e-14,4.92160961913525e-13,-1.56360318540041e-13,2.48767553088548e-13,-1.14624683182283e-13,-7.43764759135694e-14,-3.89944406272961e-14,-6.26639837129717e-14,-9.29430856349668e-15,-0.0402531718691766,-0.0182483465704438,-0.0632872614629433,-0.271738260469053,-0.28249239796358,-0.345777282940792,-0.263302041443325,1,-2.54827958184452e-13,3.14988670438592e-14,-1.84200109504003e-13,1.9007241834643e-13,-1.96270498429149e-14,3.58238196185418e-15,1.43725306224947e-14,-2.00830415493188e-15,-1.11812891281377e-14,7.31561700976519e-13,-1.31366339574491e-13,-1.95168284524463e-13,4.99905387462171e-15,-7.77957417014758e-14,4.96375720219234e-14,-5.47139274916613e-14
"b17",-6.15225297014387e-15,1.36541755216781e-21,-4.33348552209234e-10,2.22119426187061e-10,-6.61905958142245e-10,6.07440110180715e-10,-1.62784252155189e-09,1.90968581556382e-10,1.33770239327919e-15,-3.65084585506409e-10,-1.67239227580687e-10,-3.55635825859776e-11,-8.31115693517955e-11,-3.33756720604156e-21,-2.59208593322239e-10,3.77058655806215e-11,1,-1.38305480182967e-16,3.94823457604373e-10,-1.60518044862606e-20,4.43301994679953e-10,1.83928846082021e-10,9.50204374701562e-10,-2.33945111440979e-21,7.83288100826631e-08,1.61883507352513e-09,-8.82363328887012e-10,5.96938417565988e-20,-8.40472085853107e-10,-3.13459888124711e-33,0,-2.46785454307234e-20,-2.86537700285133e-12,6.52254942622203e-12,-3.22716489510334e-12,-4.47731285107783e-12,1.1816327931527e-11,-2.79213576325542e-12,-1.43359373415209e-12,2.17170705496093e-12,5.42403761228502e-11,4.06726557547573e-11,-3.4460726296519e-11,-3.35367303343111e-12,-2.41403687087335e-12,2.78018718745185e-13,-2.37526941451519e-12,9.51033525830233e-13,1,-0.208356419873864,-0.06537094907711,-0.0489079772297642,-0.00961016967310774,-0.00429997478718528,-0.00152404458578891,-0.00229011697056509,5.19589948652575e-10,-1.31970594764472e-10,-4.61233586939208e-11,-4.01298484067258e-12,-6.92767145332259e-12,-4.05032085698672e-12,-5.39738607183754e-13,-4.08244153475719e-12,-4.64672676641572e-13,4.75377875915483e-15,-1.81249802933004e-13,1.84867274814682e-13,2.02483103302974e-14,1.00766202469689e-14,1.04054771053894e-14,9.118443118415e-15,6.28568296103771e-12,3.08273766492965e-13,5.24135190393462e-13,-1.13352714908111e-12,-2.06776550517594e-13,-1.06637665664494e-13,-4.62873766217327e-14,-2.54827958184445e-13,1,-0.0133564331008274,-0.0424911795269738,-0.124579782149309,-0.0244792958752094,-0.0109530173376717,-0.00388208944957051,-0.00583345068343121,-3.63394490278682e-13,-1.27473593301116e-12,-1.32845457295394e-12,3.58246806045346e-12,-9.52428188840517e-13,-5.62075358073423e-13,-3.54183556232085e-13,6.55279348397762e-13
"b18",1.38644653114973e-16,4.96424205797084e-30,-1.57520156599708e-18,8.07558534471397e-19,1.49160536441351e-11,2.20818694764118e-18,-5.91713085475485e-18,-4.30347781520417e-12,-3.01430307344701e-17,-1.32713281056051e-18,-6.0795011500257e-19,-1.29295696830736e-19,-3.02162141512526e-19,5.71934924612972e-23,-9.4208324183023e-19,1.37069644939763e-19,-1.38305480182967e-16,1,1.43497002722358e-18,-1.28631342020683e-27,3.29670286076503e-23,1.33724111305208e-18,3.45394812424456e-18,3.63224174106905e-23,-1.76514007590324e-09,5.88480934381839e-18,1.98840614505451e-11,7.99228298885428e-12,1.89400421102768e-11,4.86679154261641e-35,0,-1.76495210231043e-23,-8.13167256997771e-13,-2.78176604841591e-11,6.21666577545902e-12,2.45939962206188e-14,3.8062823852852e-12,8.79386954995391e-13,2.90644180906987e-13,1.33963415460237e-12,-1.0533521913618e-11,2.45833073034438e-12,8.67928368192763e-13,4.14821711978401e-13,5.77285630989298e-13,-3.70782731207054e-14,5.62118523049887e-13,-7.74436381968265e-14,-0.208356419873864,1,-0.202936467166266,-0.151829096137159,-0.0298336479922606,-0.0133487689084805,-0.00473121819517015,-0.00710940033221669,-1.18546197596415e-10,7.13666519959816e-11,-4.19365241507324e-12,8.07178261107532e-13,-5.87799075880228e-12,2.26269800948279e-13,-3.94120353626440e-12,2.42857049914079e-12,-6.37522062861973e-13,-5.43905577195741e-14,-4.2102970019862e-13,2.56996205654027e-13,-2.29913080768525e-13,-2.81680939035733e-13,3.607278134681e-12,-6.10339685697178e-13,-9.94408185200879e-14,2.53319155047765e-13,-2.74053013935715e-13,9.56463370361036e-14,-4.9947595797158e-14,1.09634998825433e-14,-4.09361802898592e-14,3.14988670438579e-14,-0.0133564331008277,1,-0.243174601375673,-0.154379738509808,-0.0303348362882664,-0.013573020628799,-0.00481069996720479,-0.00722883421009648,5.14212665350946e-14,-9.04092370962302e-13,3.26007629057447e-13,1.31688464397617e-13,9.00959853429686e-14,-1.52432962131658e-13,-2.66211705222732e-13,-1.01713119846358e-14
"b19",6.38326096915222e-17,2.82464698018673e-30,-8.96500457019893e-19,4.59499707927428e-19,-2.73779357295851e-19,1.25661363228615e-18,-3.36763918348333e-18,3.95057780192544e-19,8.60613496358496e-11,3.78909612072671e-12,-3.45968731986224e-19,-7.42390888585537e-20,8.62588389912359e-13,-8.75530524086097e-13,2.69024307041216e-12,7.80023364857795e-20,3.94823457604373e-10,1.43497002722358e-18,1,3.50965707016644e-21,4.60088995032684e-12,6.88369274375847e-19,1.96575862972065e-18,-9.64565622231981e-24,-8.12949661520327e-10,3.34889323386824e-18,-1.82534993142327e-18,2.44661107156189e-23,-1.75448802998732e-18,-1.29240842081053e-35,0,-2.45827535075486e-12,2.28900867081496e-11,-6.15912613686281e-12,1.79736706801934e-13,-9.42888889150798e-13,-1.9577485543108e-12,1.8283963683475e-13,8.36376798032537e-14,-1.34056943497411e-14,1.19792560385791e-12,-1.23956066636322e-12,4.23639922387049e-13,-3.12418363402195e-14,1.67441062733523e-13,-2.61567315099357e-14,-5.51325320712053e-14,-1.45361825560955e-13,-0.0653709490771113,-0.202936467166266,1,-0.505626462388521,-0.0993530375655009,-0.044454527969366,-0.0157560650765894,-0.0236759687780735,-3.47487906343402e-11,1.26021225784835e-11,1.91098898133034e-12,2.3759791840563e-13,-2.02460267222605e-13,2.82851539996572e-13,-2.80958107752661e-13,-7.78037712506709e-14,-1.61714232496869e-12,2.285533128836e-13,-3.0879527031838e-14,-6.69978785462679e-13,5.43412206118406e-13,3.07787981929094e-13,-5.52799509899784e-13,3.57907191114979e-13,-1.28426490889333e-13,5.30964923350604e-14,9.60141952494484e-13,-5.17973402666138e-13,1.77389016377399e-13,-6.44902953406528e-14,2.69831156828828e-13,-1.84200109503997e-13,-0.0424911795269742,-0.243174601375673,1,-0.491132409739438,-0.0965050296691151,-0.0431802151784031,-0.015304409054421,-0.0229972844854387,1.265743898099e-13,-2.92604983185741e-12,8.91645055376773e-13,2.98850338062843e-15,-1.69056410558736e-13,1.19771505971064e-12,1.08637342446539e-12,2.09285403254538e-13
"b20",-3.32940465358099e-22,-6.70147040222254e-24,1.55655177725155e-22,-1.09016231554075e-12,-6.15916357427903e-21,-2.9813165305093e-12,-2.63155535672686e-25,1.03724901184557e-23,4.06977718016162e-11,1.79183542641984e-12,8.20810258289872e-13,1.74546090534523e-13,-7.67751774362201e-22,-4.14031802645763e-13,-4.45699328643342e-24,-1.8506041742731e-13,-1.60518044862606e-20,-1.28631342020683e-27,3.50965707016644e-21,1,3.93408874432956e-21,-1.80544612863982e-12,-3.86849865959529e-22,-6.86894351945687e-13,7.28594943434393e-19,-7.94524379268487e-12,-5.75912500246804e-24,-1.46589583239786e-22,-7.81863217789488e-21,-9.2036044432889e-25,0,1.05021124224287e-21,-1.52585379390557e-11,1.110720613211e-11,-1.87952206089731e-12,1.65392194124232e-12,-1.59972999980222e-12,1.2366677452994e-13,1.09852963860318e-13,-6.79334688192269e-13,-5.97325918611852e-12,-6.35758786911089e-12,4.81735059866367e-12,4.27001585075527e-13,9.57289749338312e-14,2.75385892696983e-14,2.28916180262362e-13,-4.22821053795279e-14,-0.0489079772297644,-0.151829096137159,-0.505626462388522,1,-0.249034138889043,-0.111427847242344,-0.0394934890256179,-0.0593451860308786,-2.1333352154051e-11,-9.27436433158355e-12,7.53197480539247e-12,-2.08647684118945e-14,2.79804616280372e-12,3.45791062580045e-13,1.36993434178815e-12,-3.775322929091e-14,3.49458673683954e-12,-3.25324472001593e-13,9.97680465565721e-13,-3.58062712570175e-13,-4.07581253257988e-13,-1.64281337710978e-13,-1.06812171752797e-12,-6.67343389547315e-14,-9.13551060210028e-13,-1.27156649071437e-12,-2.81295477183398e-13,6.1761695095094e-13,-2.41503319332317e-14,6.82623034298684e-14,-1.88744250616315e-13,1.90072418346425e-13,-0.124579782149308,-0.154379738509808,-0.491132409739439,1,-0.249034138889302,-0.11142784724066,-0.0394934890255368,-0.0593451860308543,1.25491852552955e-13,5.87326043445414e-12,-1.58392723920762e-12,-1.10947318068449e-12,1.57421902860543e-13,-9.07969156080199e-13,-4.7329945885772e-13,-3.34928301596692e-13
"b21",1.46649161636669e-21,6.05344930264348e-31,-5.04982405866232e-12,9.84745423420766e-20,-3.07371045770806e-19,2.69470817972187e-19,-1.89692991651314e-11,8.46641106241856e-20,9.66284227032741e-11,-1.65670089825752e-19,-7.41998009119914e-20,-1.64936790284423e-20,-3.84950448328466e-20,-9.83032688708384e-13,-1.14895308112989e-19,1.6729135620688e-20,4.43301994679953e-10,3.29670286076503e-23,4.60088995032684e-12,3.93408874432956e-21,1,8.16730978251971e-20,1.10727609161377e-11,-1.63088824900421e-12,3.62796285539767e-17,7.18236037696127e-19,-3.91153420898914e-19,4.13287259480626e-12,-3.89291827486122e-19,-2.18520508903961e-24,0,2.20167727401835e-21,5.66195035064275e-12,6.86254190612552e-13,-2.6930807977347e-13,-4.60246579728592e-13,-5.08985213788723e-13,-1.07701909481396e-13,-4.43782487056276e-14,-5.35991187338012e-14,9.48402575182274e-13,3.99829372189837e-13,-3.02703918997295e-13,-9.85138289059609e-14,-2.21605905930696e-14,-1.16335623536046e-14,-4.04853307428989e-14,-2.59586733451099e-14,-0.00961016967310778,-0.0298336479922606,-0.0993530375655007,-0.249034138889043,1,-0.123848846781075,-0.0438958769484011,-0.0659604670996972,-3.61992034669438e-12,-1.42402740355745e-12,-3.87242223253491e-13,8.31724966455412e-13,6.8836509441723e-13,1.79159308735612e-13,2.98873201800439e-13,-1.24298684812359e-13,-9.78425928539242e-13,-6.81802547018879e-14,-3.70716729022277e-13,4.09083083661265e-13,4.35746693574798e-14,2.23148138656304e-14,8.36593436996825e-15,2.15312167194488e-14,-1.12298304226007e-13,1.60571791433417e-12,-6.99748476226419e-13,-8.5711670954535e-14,-4.41206495405301e-14,-9.90410908197507e-15,-3.43131043738726e-15,-1.96270498429141e-14,-0.0244792958752091,-0.0303348362882665,-0.0965050296691152,-0.249034138889302,1,-0.123848846780672,-0.0438958769484053,-0.065960467099811,2.47516840612237e-13,-1.54393940752276e-12,5.20812076488025e-13,1.2901828328316e-13,7.44062386670327e-14,7.15311239421326e-15,-1.11001585208905e-13,2.96434529229635e-14
"b22",1.84377339011108e-10,2.38011998034927e-30,-4.1904108480038e-12,3.87186237244565e-19,6.40052204306337e-12,5.87384823253821e-12,-2.8389167203219e-18,3.32994781833433e-19,-1.293453572032e-17,-6.36629406750821e-19,-1.61717645060378e-12,-6.19977876013471e-20,-1.44849032083137e-19,2.52894060885441e-23,-4.51926622266133e-19,3.64609659759711e-13,1.83928846082021e-10,1.33724111305208e-18,6.88369274375847e-19,-1.80544612863982e-12,8.16730978251971e-20,1,9.18832357756978e-12,1.68262056689928e-23,-7.57426745371795e-10,1.56538749681394e-11,-1.37546235785159e-18,3.42951196338397e-12,8.12722720912156e-12,2.25452052153545e-35,0,-7.32399604859826e-23,-2.70027612546017e-12,3.24532536723859e-12,-9.17345598268366e-13,3.66820665062155e-13,-1.89502840897744e-13,-2.33471143911134e-14,6.85920054141555e-15,-2.1891795290811e-13,-1.84056026737589e-12,-1.59592478686625e-12,1.27304059215084e-12,1.32088373508751e-13,6.50469111854092e-15,-2.38326660588668e-14,7.38691041976589e-14,2.47773933572146e-14,-0.0042999747871853,-0.0133487689084807,-0.0444545279693659,-0.111427847242344,-0.123848846781075,1,-0.0699918899341159,-0.10517383577205,-1.11463602065949e-12,-1.05718949442153e-12,7.29428618966971e-13,-1.87577088181069e-13,5.68954314575908e-13,-5.0323144761481e-14,3.71259375495879e-13,-8.7439801113624e-14,-5.04071413896979e-13,-1.36056916776586e-13,-1.68803500705420e-13,2.17255530874156e-13,2.88127419275754e-14,1.47551543701642e-14,5.53178053779979e-15,1.42370188901161e-14,-6.7544251621952e-14,7.08047225032784e-14,-3.83771973594514e-14,1.63522659547763e-14,-1.30874388656659e-14,-1.20866565206917e-15,1.06946850752558e-15,3.58238196185339e-15,-0.010953017337672,-0.0135730206287989,-0.0431802151784032,-0.11142784724066,-0.123848846780671,1,-0.0699918899340655,-0.10517383577203,3.44028655090004e-13,-8.04640133592291e-13,2.41567321178337e-13,1.85994363120808e-14,-6.27628773054477e-16,2.55669694883896e-13,-7.6820494499227e-14,-2.48872968275725e-14
"b23",1.53645685509207e-16,6.79632368573873e-30,-1.08241481372387e-11,1.10559258218199e-18,-6.27577408195246e-19,1.51725942169341e-11,-4.06601302981509e-11,9.50826052360299e-19,-3.34074204270444e-17,-1.81780233295497e-18,-4.17728907707814e-12,-8.88304539731528e-13,2.0759538151733e-12,3.16616008455185e-23,-1.29052191527492e-18,9.41814326162596e-13,9.50204374701563e-10,3.45394812424456e-18,1.96575862972065e-18,-3.86849865959529e-22,1.10727609161377e-11,9.18832357756978e-12,1,-2.3330002470481e-23,-1.95649045493239e-09,4.04351429270081e-11,-4.3933984971101e-18,8.85868843437213e-12,2.09932413357122e-11,-3.12595545138851e-35,0,-5.91622394638379e-12,-9.79889561894822e-13,2.74934540398901e-13,1.90493040630093e-13,1.18190850527602e-13,-3.37406018272655e-13,6.34204030425486e-14,3.51443049459489e-14,-8.18046763973573e-14,-1.42045554215679e-12,-1.17301007204073e-12,9.54261265714895e-13,9.43260361044883e-14,5.98625152404034e-14,-1.27122299103263e-14,6.10436742932342e-14,-1.97392004155277e-14,-0.00152404458578889,-0.00473121819517014,-0.0157560650765893,-0.0394934890256179,-0.0438958769484011,-0.0699918899341159,1,-0.101100168176705,-1.23939531755001e-11,2.43155471849269e-12,1.42256065933886e-12,5.6238583787748e-14,2.43968794791053e-13,8.72870501929159e-14,4.19186820095835e-14,2.09010146439221e-13,-2.08910843108925e-13,2.16231370356884e-12,-4.78154790137863e-13,-2.21714787517339e-13,-7.11183774221229e-14,-3.64200893983183e-14,-1.36540721635283e-14,-3.51411776453643e-14,-3.8243388594986e-14,-7.80694324475494e-13,3.41082432444702e-13,-4.22520669513231e-15,6.25671966140687e-14,4.46793375121503e-14,-2.98615500164631e-15,1.43725306224972e-14,-0.00388208944957049,-0.0048106999672048,-0.015304409054421,-0.0394934890255368,-0.0438958769484053,-0.0699918899340655,1,-0.101100168176693,-4.63270166473247e-12,-2.74359046174073e-13,4.04734235367833e-13,5.16715840954871e-13,8.36929758619526e-14,3.04259722586918e-13,-2.77414335771599e-14,1.25399514707255e-14
"b24",1.6157513046558e-21,6.26226607805244e-35,1.0533831423846e-23,1.01871471161282e-23,2.43512247235426e-12,2.77849569367053e-23,3.95695765516491e-23,8.11465598629136e-24,-5.1540067912011e-22,-1.67440121813491e-23,-7.67015584404796e-24,1.3083685387799e-13,-3.53158507337568e-24,5.01449641241433e-24,1.40633914639168e-24,1.72931835085504e-24,-2.33945111440979e-21,3.63224174106905e-23,-9.64565622231981e-24,-6.86894351945687e-13,-1.63088824900421e-12,1.68262056689928e-23,-2.3330002470481e-23,1,9.58036060004377e-24,7.42452442490381e-23,-1.0792155179849e-25,-8.66446787366492e-24,-1.02797752775299e-25,1.33988646394004e-12,0,8.71390663337279e-13,1.08031069016372e-12,8.75495488216843e-14,-2.17500551586814e-13,4.7442154353387e-14,-1.72211317288524e-13,1.67243419451883e-14,8.18255932032818e-15,-7.92120757896266e-15,-1.49906181714338e-13,-2.01113972149512e-13,1.70220428214419e-13,1.94889052012839e-15,1.26997778164794e-15,1.38227200365566e-14,6.23079147504745e-15,-1.6473588101675e-14,-0.0022901169705652,-0.00710940033221674,-0.0236759687780735,-0.0593451860308786,-0.0659604670996972,-0.10517383577205,-0.101100168176705,1,1.55943670219922e-13,-7.30083691859753e-13,3.39747661067102e-13,-4.17899386518324e-14,6.8256292672976e-14,9.56711508544778e-15,3.39445527637284e-14,-7.41652280503277e-15,6.38256166454869e-13,-2.50964135395039e-13,2.4968420153179e-13,-1.26557860284941e-13,-5.06154092722432e-14,-2.59204132371768e-14,-9.71769146255469e-15,-2.50102034637514e-14,-4.37017177185222e-14,-8.38535411382789e-14,2.31194352807538e-14,4.59715698443712e-14,-1.35284698936668e-14,-4.74925081111038e-15,1.9777561128463e-16,-2.00830415493066e-15,-0.00583345068343119,-0.00722883421009647,-0.0229972844854387,-0.0593451860308543,-0.0659604670998109,-0.10517383577203,-0.101100168176693,1,4.50709586615468e-13,1.03891937291881e-12,-3.44164244705697e-13,-2.04757687337381e-13,-1.38115366358424e-14,-1.68417531845602e-13,9.80549750157349e-14,-5.47189324001625e-14
"b25",-7.8519756774258e-08,-2.81142297276027e-21,8.92273629367812e-10,-4.57348491300106e-10,-1.06556536756799e-16,-1.25073174695153e-09,3.35176141084803e-09,-3.93208258089464e-10,1.70736641468929e-08,7.51716709761201e-10,3.44349027607987e-10,7.32261517631844e-11,1.71128439490532e-10,3.97441708278547e-21,5.33715853320935e-10,-7.76371568778034e-11,7.83288100826631e-08,-1.76514007590324e-09,-8.12949661520327e-10,7.28594943434393e-19,3.62796285539767e-17,-7.57426745371795e-10,-1.95649045493239e-09,9.58036060004377e-24,1,-3.33321488917506e-09,1.81680426936682e-09,-2.80503165673261e-17,1.73054933394044e-09,1.28365954876631e-35,0,4.91561683704596e-19,-2.73405055875361e-11,1.83404480082958e-10,-3.86101721400397e-11,-2.36495034923069e-12,-1.44659516976216e-11,-7.44360710700861e-12,-2.82199226212556e-12,-6.79290798662201e-12,6.38110117602678e-13,5.02574814573326e-12,-2.70106194873717e-12,-6.22963313680846e-13,2.19327071732172e-12,-2.83320598470561e-13,-1.25298863843787e-13,-6.74974164737757e-13,5.19589948652576e-10,-1.18546197596415e-10,-3.47487906343403e-11,-2.13333521540509e-11,-3.61992034669414e-12,-1.11463602065945e-12,-1.23939531755001e-11,1.55943670219869e-13,1,-0.22816158063917,-0.0804475856360994,-0.0429337186352767,-0.00848619146931253,-0.00405323929739011,-0.00151084119345967,-0.0036127029477922,1.1457253353603e-12,-6.57756425007554e-14,8.36688146342761e-13,-1.16561728907439e-12,-2.17845864105653e-13,-2.41470415000202e-13,4.62875109332504e-12,-8.21343920810724e-13,-1.2857054767147e-13,-5.38229485734443e-13,3.2530015905937e-13,5.71079555132763e-15,2.92613497217711e-14,2.79898086353331e-15,3.36731348831015e-14,-1.1181289128134e-14,-3.63394490278683e-13,5.14212665350959e-14,1.26574389809899e-13,1.25491852552954e-13,2.47516840612237e-13,3.44028655090003e-13,-4.63270166473247e-12,4.50709586615468e-13,1,-0.0214365719738471,-0.0625815614283619,-0.108516678486468,-0.0214491859298244,-0.0102447232736326,-0.00381871115302486,-0.00913125014346631
"b26",2.61780296775001e-16,-5.81041651126239e-23,-1.84407808598736e-11,-9.45210041675818e-12,2.81668365987785e-11,5.15389565253842e-18,-1.38108667289006e-17,1.62007800462022e-18,-5.69212068715947e-17,-3.09713023296033e-18,-7.11672378176892e-12,1.51337755353422e-12,3.53674108070309e-12,1.12062500856735e-22,-2.19860772933253e-18,3.19931290055877e-19,1.61883507352513e-09,5.88480934381838e-18,3.34889323386824e-18,-7.94524379268487e-12,7.18236037696127e-19,1.56538749681394e-11,4.04351429270081e-11,7.42452442490382e-23,-3.33321488917506e-09,1,-7.4849541982448e-18,1.50922853282402e-11,3.57655640056058e-11,9.94801977812081e-35,0,-3.2230780365943e-22,-2.18470706750562e-12,1.31174458107249e-11,-2.61531045365911e-12,3.79341144357491e-14,-8.5856815353543e-13,-2.69930797016363e-13,2.54908208735802e-14,-1.87086294959548e-12,-3.23213361680504e-12,-2.35606372880254e-11,1.16881689229606e-11,1.02510720047898e-12,3.16205431157533e-13,6.31520561639749e-14,3.42387758429183e-14,1.59768374127948e-13,-1.31970594764473e-10,7.13666519959817e-11,1.26021225784836e-11,-9.27436433158356e-12,-1.4240274035575e-12,-1.05718949442154e-12,2.4315547184927e-12,-7.30083691859743e-13,-0.228161580639171,1,-0.268704352715132,-0.143403645999788,-0.0283448729735112,-0.0135382937432121,-0.00504638652057556,-0.0120668507510764,4.78287745187724e-12,2.3659841595439e-12,-1.80603765736041e-11,1.55831683214115e-11,-3.67484476155532e-12,-5.64480485543623e-12,5.03765759847513e-13,1.57744737040859e-12,-4.11603645196057e-13,2.43283302357226e-11,-1.59133614252855e-11,1.8557790685744e-12,-1.7515070037454e-12,-2.42806854062744e-14,-1.60438914479779e-12,7.31561700976324e-13,-1.27473593301116e-12,-9.04092370962301e-13,-2.92604983185741e-12,5.87326043445414e-12,-1.54393940752276e-12,-8.04640133592292e-13,-2.74359046174072e-13,1.03891937291881e-12,-0.0214365719738473,1,-0.316724231356457,-0.146111401815924,-0.0288800824767235,-0.0137939245834239,-0.00514167268114852,-0.0122946977207697
"b27",8.84514317074521e-10,3.16702951345816e-23,2.0036463352092e-18,5.15196818094191e-12,1.17126857804101e-18,-2.80859295817509e-18,7.52655266983968e-18,4.42943722910375e-12,3.10231186337057e-17,1.68801854196825e-18,7.73258486341938e-19,-8.24882582484766e-13,-1.92773846108402e-12,-3.67533589163542e-23,1.19837456368466e-18,-1.74340202251876e-19,-8.82363328887012e-10,1.98840614505451e-11,-1.82534993142327e-18,-5.75912500246804e-24,-3.91153420898914e-19,-1.37546235785159e-18,-4.3933984971101e-18,-1.0792155179849e-25,1.81680426936682e-09,-7.4849541982448e-18,1,3.14492020800062e-19,-1.94944015138382e-11,-1.446026264222e-37,0,9.14255805234193e-28,4.38163395988355e-12,-3.46582967454954e-11,7.4247190992399e-12,3.71420947738115e-13,2.62989004949193e-12,1.321506404469e-12,4.45935334574698e-13,1.84638783897413e-12,1.07502578940674e-12,1.08210249685098e-11,-5.00188729415755e-12,-6.57937102558181e-13,-4.55982707149814e-13,1.84713586200071e-14,2.64574899651954e-14,7.10103224854055e-14,-4.61233586939205e-11,-4.1936524150733e-12,1.91098898133032e-12,7.53197480539246e-12,-3.87242223253514e-13,7.29428618966967e-13,1.42256065933885e-12,3.39747661067106e-13,-0.0804475856360988,-0.268704352715132,1,-0.440590584387827,-0.087086238703866,-0.0415947914782251,-0.0155044201912977,-0.0370739585407506,-2.02520604282059e-11,-3.79790444967906e-14,-1.5580688734602e-12,2.64952970474178e-12,1.86595206074268e-12,2.16379609702981e-12,-3.63470106223975e-13,-1.15351146673951e-13,-3.97825365752416e-13,-7.7518214232435e-12,5.05750200287757e-12,-6.94206084333463e-13,5.81863260237694e-13,5.13235224465875e-14,5.20343791255312e-13,-1.31366339574431e-13,-1.32845457295394e-12,3.2600762905745e-13,8.91645055376773e-13,-1.58392723920763e-12,5.20812076488026e-13,2.41567321178337e-13,4.04734235367832e-13,-3.44164244705698e-13,-0.0625815614283616,-0.316724231356458,1,-0.426555125556248,-0.0843120184624502,-0.0402697473093753,-0.015010511194461,-0.0358929300782434
"b28",3.55525391396914e-10,1.27296916325238e-23,-4.04007801870394e-12,2.07080375996728e-12,2.36542845342868e-19,5.66312134731537e-12,-1.51762611313544e-11,1.78038663030713e-12,-1.09363344848002e-21,-6.32232470042012e-23,-1.55915953515016e-12,3.45483526733868e-23,1.17519455416903e-22,1.17009391810574e-23,-3.57882221030534e-24,3.5152912807345e-13,5.96938417565988e-20,7.99228298885428e-12,2.44661107156189e-23,-1.46589583239786e-22,4.13287259480626e-12,3.42951196338397e-12,8.85868843437213e-12,-8.66446787366492e-24,-2.80503165673261e-17,1.50922853282402e-11,3.14492020800062e-19,1,7.8356623395479e-12,-1.16094032211669e-35,0,-2.20821174846014e-12,-6.85688821235685e-13,-9.61889807765401e-12,2.49046805535554e-12,1.70266916542117e-13,7.03719981136506e-13,4.74103056342847e-13,1.88103296438007e-13,1.84753701759415e-13,-1.12469995864543e-12,-1.57082663904755e-12,1.03763861059678e-12,2.24544546027052e-13,-1.20922802793044e-13,-2.1827120389768e-14,4.0511473502438e-14,2.20724910304724e-14,-4.0129848406731e-12,8.07178261107638e-13,2.37597918405687e-13,-2.08647684118986e-14,8.31724966455409e-13,-1.87577088181067e-13,5.62385837877605e-14,-4.17899386518287e-14,-0.0429337186352777,-0.143403645999787,-0.440590584387827,1,-0.241044911317434,-0.115129703301817,-0.0429144908014764,-0.102616546326564,7.53261838255495e-12,3.23411454604821e-14,6.48719843080606e-12,-6.03829265105809e-12,1.51818740744803e-13,6.55809225353293e-13,-7.0539477763867e-13,-3.67734305938476e-13,1.16759645519196e-12,-3.66697520009069e-12,2.40385519560703e-12,-3.50571094846772e-13,2.85600024906377e-13,-2.89573762288076e-14,2.00487524828805e-13,-1.95168284524434e-13,3.58246806045346e-12,1.31688464397617e-13,2.98850338063079e-15,-1.10947318068449e-12,1.29018283283159e-13,1.85994363120824e-14,5.1671584095487e-13,-2.04757687337382e-13,-0.108516678486468,-0.146111401815924,-0.426555125556248,1,-0.241044911314052,-0.115129703298914,-0.0429144908008736,-0.10261654632634
"b29",8.42520953489847e-10,3.01667104049129e-23,-9.57414108082506e-12,4.90737239641621e-12,1.14335975348934e-18,1.3420414775751e-11,-3.59645691192965e-11,4.21914445657359e-12,-1.83201278093273e-10,-8.0659582388252e-12,-3.69488244732689e-12,-7.85720304522401e-13,-1.83621679348352e-12,1.86376708825803e-12,1.14150037666538e-18,8.33050612051464e-13,-8.40472085853107e-10,1.89400421102768e-11,-1.75448802998732e-18,-7.81863217789488e-21,-3.89291827486122e-19,8.12722720912156e-12,2.09932413357122e-11,-1.02797752775299e-25,1.73054933394044e-09,3.57655640056058e-11,-1.94944015138382e-11,7.83566233954790e-12,1,-1.37737317467078e-37,0,-5.26207739470293e-21,1.90866785093051e-11,-7.12656090057065e-12,-2.18177392080548e-12,1.72262487827285e-14,2.20683412929776e-13,1.62814662242895e-13,1.23838263830236e-14,6.13179917868111e-13,3.4496089335648e-12,2.43943422557899e-12,-1.87543465499031e-12,-2.95068652326683e-13,-1.60818190922785e-13,1.72349737707295e-13,-1.53772140313307e-13,-9.25073195566195e-14,-6.92767145332205e-12,-5.87799075880241e-12,-2.02460267222647e-13,2.79804616280371e-12,6.88365094417222e-13,5.68954314575907e-13,2.43968794791041e-13,6.82562926729763e-14,-0.00848619146931147,-0.0283448729735115,-0.0870862387038652,-0.241044911317434,1,-0.126125112669921,-0.0470130195105755,-0.112416892394003,8.38210957840475e-12,7.94222785244512e-13,2.06525608667319e-12,-3.26874678951951e-12,-7.86809497881226e-15,1.14369042484539e-13,-1.75746810199669e-13,-1.07607932329356e-13,-3.11086796528801e-13,-8.54933106650171e-13,4.37076780441509e-13,5.54756404389279e-14,4.20665165852871e-14,1.63853547866562e-14,3.24664123893817e-14,4.99905387462467e-15,-9.52428188840515e-13,9.00959853429712e-14,-1.69056410558729e-13,1.57421902860529e-13,7.4406238667037e-14,-6.27628773052646e-16,8.36929758619515e-14,-1.38115366358448e-14,-0.0214491859298239,-0.0288800824767261,-0.0843120184624493,-0.241044911314052,1,-0.126125112670253,-0.0470130195093662,-0.112416892393834
"b30",2.16492330220177e-33,8.39072555157333e-47,1.41141381382375e-35,1.36496205270659e-35,3.26278763874367e-24,3.72286877006483e-35,5.30187400053937e-35,1.08727177155618e-35,-6.90578393458538e-34,-2.24350752738367e-35,-1.02771379917504e-35,1.75306529495619e-25,-4.73192303606876e-36,6.71885586646984e-36,1.8843347859592e-36,2.31709025015377e-36,-3.13459888124711e-33,4.86679154261642e-35,-1.29240842081053e-35,-9.2036044432889e-25,-2.18520508903961e-24,2.25452052153545e-35,-3.12595545138851e-35,1.33988646394004e-12,1.28365954876631e-35,9.94801977812081e-35,-1.446026264222e-37,-1.16094032211669e-35,-1.37737317467078e-37,1,0,1.16756455460935e-24,-1.19871134920488e-11,-7.70660031352189e-13,2.55517343336272e-12,-1.72295696141257e-13,7.58609293018414e-13,4.72214545662328e-14,2.16886305091e-15,1.02103278032937e-14,-5.39200119415606e-13,1.53324586306921e-13,-2.17426205459481e-14,7.09951936954818e-14,-2.47897679470991e-14,-1.17757299822974e-13,1.4079086127553e-14,1.02287488346274e-13,-4.05032085698626e-12,2.2626980094819e-13,2.82851539996541e-13,3.45791062580022e-13,1.79159308735608e-13,-5.0323144761483e-14,8.72870501929045e-14,9.56711508544769e-15,-0.00405323929738922,-0.013538293743212,-0.0415947914782259,-0.115129703301817,-0.12612511266992,1,-0.0695544877260655,-0.166317744397078,2.62101537283274e-13,-3.87835136307413e-12,1.34236330828351e-13,6.66287531438039e-13,3.49470276681279e-13,2.4057629089009e-13,-5.16331996561803e-14,1.03330299363186e-13,-1.23655470209051e-13,-7.83556843771223e-13,7.74680006575274e-13,-7.86866263202078e-14,2.33966005836917e-14,-8.43800373663454e-14,1.47894367605885e-13,-7.77957417014725e-14,-5.62075358073425e-13,-1.52432962131657e-13,1.19771505971064e-12,-9.07969156080197e-13,7.15311239421303e-15,2.55669694883896e-13,3.04259722586916e-13,-1.68417531845602e-13,-0.0102447232736322,-0.0137939245834237,-0.0402697473093753,-0.115129703298914,-0.126125112670253,1,-0.0695544877259991,-0.166317744396939
"b31",0,0,0,0,0,0,0,0,0,0,0,0,0,0,0,0,0,0,0,0,0,0,0,0,0,0,0,0,0,0,1,0,8.53880223425988e-13,-8.66585664180276e-13,-6.6894449577505e-14,-2.44643881407322e-13,6.85917349766389e-13,-6.89975908381312e-14,-6.14073886006934e-14,1.72766159383711e-13,2.58919387762111e-12,2.22089058099828e-12,-1.63495087291368e-12,-2.39614526830175e-13,-8.89935021346076e-14,3.73995651367623e-15,-1.25768756687301e-13,2.2346958768971e-14,-5.39738607183523e-13,-3.94120353626445e-12,-2.80958107752676e-13,1.36993434178814e-12,2.98873201800436e-13,3.71259375495878e-13,4.1918682009578e-14,3.39445527637283e-14,-0.00151084119345922,-0.00504638652057537,-0.0155044201912982,-0.0429144908014763,-0.0470130195105755,-0.0695544877260656,1,-0.14971118424767,2.40192944839466e-13,-4.27436616180741e-12,-1.47756366013993e-13,1.3556652224312e-12,-2.95262533161146e-13,-2.11710427618167e-13,7.65652007629374e-14,3.40849968885418e-13,-7.84272579926758e-14,1.80086519109651e-12,-1.2103175348922e-12,7.27848099375566e-14,-9.09815729810303e-14,4.0444317589226e-14,-1.17658151481139e-13,4.96375720219262e-14,-3.54183556232085e-13,-2.6621170522273e-13,1.08637342446539e-12,-4.73299458857725e-13,-1.11001585208904e-13,-7.6820494499226e-14,-2.77414335771618e-14,9.8054975015734e-14,-0.00381871115302436,-0.00514167268114959,-0.0150105111944607,-0.0429144908008735,-0.0470130195093662,-0.0695544877259991,1,-0.149711184247713
"b32",-7.85113950363702e-22,-2.81112705401553e-35,2.69814278906186e-12,-4.57300352691024e-24,-3.72312420184825e-21,-1.02270448348265e-22,1.01353784134638e-11,-3.93166870727372e-24,2.58144926260328e-11,-1.04047547116938e-21,3.32970967881578e-23,-2.11301610667907e-22,-5.21673255859775e-22,-5.25238628221053e-13,1.61390131202813e-12,-7.50718520935938e-24,-2.46785454307234e-20,-1.76495210231043e-23,-2.45827535075486e-12,1.05021124224287e-21,2.20167727401835e-21,-7.32399604859826e-23,-5.91622394638379e-12,8.71390663337279e-13,4.91561683704596e-19,-3.2230780365943e-22,9.14255805234193e-28,-2.20821174846014e-12,-5.26207739470293e-21,1.16756455460935e-24,0,1,-4.57407489220373e-12,-2.5081309468447e-12,1.51543288170539e-12,2.63828987037553e-13,2.68681739813187e-14,-6.76629895904084e-14,6.77846057511862e-14,1.50444477043026e-13,-7.2127890794267e-13,-5.1327427047827e-14,1.09368663837045e-13,1.04428016053534e-13,3.44653580276064e-14,-9.9834136206988e-15,8.59253719173122e-14,-3.33832660694546e-14,-4.08244153476044e-12,2.42857049914147e-12,-7.7803771250461e-14,-3.77532292907495e-14,-1.24298684812337e-13,-8.7439801113615e-14,2.090101464393e-13,-7.41652280503213e-15,-0.00361270294779848,-0.0120668507510766,-0.0370739585407475,-0.102616546326564,-0.112416892394004,-0.166317744397079,-0.14971118424767,1,-1.89738038499105e-12,1.3743915973941e-12,-4.07557137677206e-14,-2.2979488743359e-13,1.39935990110764e-13,1.21700862091706e-13,1.73410064332372e-13,-7.28909606408439e-14,7.64394738784662e-14,7.49262747305702e-14,2.09473639911554e-13,-1.23927058377159e-13,5.29401836247919e-15,-1.2008664524022e-15,6.38342621677017e-14,-5.47139274916437e-14,6.55279348397739e-13,-1.01713119846535e-14,2.09285403254482e-13,-3.3492830159658e-13,2.9643452922934e-14,-2.48872968275875e-14,1.25399514707167e-14,-5.47189324001422e-14,-0.00913125014346596,-0.0122946977207504,-0.0358929300782501,-0.102616546326343,-0.112416892393835,-0.16631774439694,-0.149711184247713,1
