V1,V2,V3,V4,V5,V6,V7,V8,V9,V10,V11,V12,V13,V14,V15,V16,V17,V18,V19,V20,V21,V22,V23,V24,V25,V26,V27,V28,V29,V30,V31,V32
12.2722112927724,18.3389007162032,3.19630147561347,4.65420783550624,5.64774587025914,1.2616250602988,0.752864842074528,0.329590406844382,2.87279317013826,1.16610516189644,1.11246362107826,0.969441096969155,0.790753356842892,0.963318959547818,0.952939499826677,0.942189013451152,54.5783431357562,27.4040693965212,3.51926175646728,4.19501555404397,4.14767614761592,1.02215122600478,0.556755447431804,0.190660230441996,49.141133538477,35.842911470909,6.55049395984006,5.45720915707908,6.18386048038455,1.44108538529898,0.824110475692913,0.369532005356631
6.49701388151961,18.9080825603351,1.09670018833075,4.3302001619683,7.6645005698548,1.02570405278005,0.906156076044414,0.249072056924365,3.61665475983676,1.06736235935597,0.941295461209712,1.07444538094511,0.864129442066722,0.868635233351497,0.904836515375205,0.975413874136153,50.0083269483688,26.8119470133517,3.78386304996394,4.38973446265679,4.21449434587675,0.859149030531555,0.593985662259134,0.375512786219114,43.0231587363879,35.7338914414716,1.57529122153522,5.55022895864852,9.63634770017953,1.36787221279683,1.22086393910597,0.46780743049701
14.9335573083113,19.0512757139917,6.49330366511229,4.64919438691602,2.83197702328011,0.861603376307371,0.628313834286085,0.515230460982355,8.17647613062425,0.951261013237952,0.262320596206308,1.07031085640218,1.0296256254717,0.887058639348566,0.866833901463353,0.991215432221542,64.508041874009,27.3707833802797,3.49276640573368,3.7733731942167,3.05852160589459,1.44861556812072,0.380789425639312,0.26786080975643,63.3710777639539,34.0966837302166,5.51537658241274,4.15738033462605,6.40392478724644,1.41966423972287,0.466271941835333,0.303486073412866
12.8390297874231,15.276188027194,7.73820068791747,4.56283519210239,2.90390496431715,1.37840776642321,1.05727304832095,0.725373787238555,2.52940317818641,1.34335671677977,2.3113056656725,0.87548227592647,0.102620154060398,0.958453622267519,0.937564831602152,0.986126371756237,52.7324650928678,28.3091222595334,4.90546351118868,3.61115395989749,3.01285399870749,1.57675335406842,0.653885248542264,0.001704912179088,51.7340444940305,35.026689074761,7.93024028177878,5.35740640458642,7.02361787925653,1.9237158434329,0.831099831241611,0.481992252568183
26.2717748210876,18.8185939008893,1.79700395610355,4.28070556700512,4.71125640355262,1.03312854827051,0.706642796180834,0.58355209375978,10.6353478542599,1.10891967330026,1.10709267761077,0.969853076105242,0.353594786653036,1.03634268554524,0.995797983733481,0.904770506457186,49.7721117464403,26.7686431645266,2.97722971808541,5.0638296597585,5.1666312712212,0.670472380150016,0.878498566841437,0.170331179995416,40.4165482266755,33.3188841930164,6.99797319618398,4.67803282196917,4.04356359441619,1.66088073645737,1.4464660345687,0.0726606942752171
11.7212976155097,16.8563246593837,6.98064922436386,4.45988196031287,3.52669029864413,1.57299370616614,0.677764948401816,0.401666464808706,11.2735992340769,1.13265214675281,0.848165574238273,0.949632726963353,0.528052951407795,1.05122656658164,0.99144967234623,0.930820140596176,55.1140333536225,25.1808420837713,8.03818762849627,5.21713310233937,0.215486185939718,1.00486390245286,0.824035738245741,0.27060481813119,56.3864868482019,35.6907694000088,6.66404958748294,5.73814767015294,5.12065947098347,0.984108409021498,1.03282839791982,0.366380062459954
16.783908501487,17.9703436274701,4.03843510204259,4.75404899222665,5.02368570492612,1.27528770979253,0.567593176573331,0.307986697700903,0.358688615569404,1.12232863621248,0.80322207579172,1.01244722569825,1.09344809186424,0.989919234865491,1.01892821496034,0.883897278565792,57.3264805038624,25.496907536113,0.50452501682218,3.63462799054989,6.22473347454807,0.75439213177517,0.513669232150063,0.045071951372626,53.9602038577636,36.7310782411837,3.23697385964624,6.64800353376472,3.93614404414437,1.68336544132925,0.633183538903795,0.861897985298241
13.0563025679643,17.5678228696532,0.96286078600927,4.02585794166097,7.43256472493885,1.00376650539689,0.517821058837137,0.448933565656801,13.6632537236731,1.23728815367237,1.30052990782078,0.998954848110647,0.0999375152439613,0.881319618151171,1.03251102730392,0.906925450064376,43.0238281485341,28.0318745072171,9.36497665872768,3.48858008063659,0.954375990135532,0.565488915611511,0.167215539994943,0.10853899315069,56.9795551410227,36.5531343942602,10.2668304325193,4.12472295590894,3.12273829638462,1.26345537115617,0.475793119808741,0.358965235288198
10.5620803950549,16.9379871857062,0.0684921287970832,5.06076844731768,8.21346791497683,1.58669892070784,0.79343891315664,0.0130147460365329,9.19023850353056,0.942613887788427,1.76098572712433,0.910665304662757,0.0374184446123966,0.947707870288948,0.943897606512287,0.979254578247427,59.6084161107543,27.1414066560153,3.53418580245557,4.17652745935646,3.32368512060291,0.71121476795509,0.680237852887543,0.256256284974563,37.9172166860439,35.4344257822673,12.2492844947791,6.02872442230266,2.40045093932415,1.57403922517811,0.604120263606928,0.362559748307848
16.3279060423786,18.5409831335081,5.28588959128069,4.60762097204306,2.10890744249223,1.1889247105046,0.548470028108075,0.144509235092581,9.09525922048404,1.30462645186647,0.454748880005803,0.961380057901586,0.818099401534285,0.994016731051171,0.928528208843907,0.941095036438974,47.7670664415431,26.8204117805039,1.31483012399499,5.69482463668473,6.43172720150736,1.39051486213907,0.701334038320784,0.345742758224195,43.2053262901738,36.9598147252491,2.28679543679906,5.25637395566211,14.9160507025344,1.47279860032985,0.423151833066101,0.444414973758028
12.1642481175948,19.4966742660249,0.702073395292046,4.62477283403764,7.44565736832118,1.09568724021881,0.73646004458739,0.021827500935329,5.21064817673054,1.18423346810467,1.44824999114354,0.932058931534727,0.511526296995162,0.883464951572712,0.939487153605501,0.979195888903341,64.6836027530531,28.1383460015358,4.38777395251714,3.80490094915476,2.3386913624997,1.33001703798196,0.635273224248132,0.362934711418111,33.8121462185514,36.4296703929326,8.36169555945271,5.5380006459503,4.98200433675697,1.39408844287925,0.485897553240361,0.618750313406562
9.84630831155078,18.2097599021645,9.33211639167575,3.76990832368886,2.08597845220942,1.23670813109445,0.581167771608021,0.199893064057715,0.355064241263185,0.753779264349341,0.37278936273018,1.02524248962248,1.39075119884027,0.911864494954381,0.960964994826607,0.950460773406436,59.1510581026209,28.2985318508027,2.04927544060701,5.42161457247688,3.80949518575657,0.722744007015429,1.04601711581402,0.706765723373228,47.6770339398718,35.8249399995005,1.33194038488402,6.02287388398968,9.54256509573498,1.29042349972428,1.29991209784534,0.178894226426887
17.6251624475044,17.2677547219076,4.69672383270988,6.07855259526661,4.25736916584493,1.51681095553501,0.708093692324734,0.219558783942367,1.75602546263772,1.23880926399012,0.711249874656095,0.960150623195145,1.06962609060814,0.91047282431016,0.933695763710617,0.981456868020328,46.6018478010115,29.5706030077316,3.19809689378297,4.58055611945563,4.52462050791684,0.834490468107571,0.365799338850361,0.113154398455909,60.4684454531404,36.0006593647716,8.66676562022926,5.46575018451688,6.41812041783221,0.99571399857069,0.944219069617023,0.56492792869411
5.06616450934966,18.1423110658507,0.761455470398306,4.51945210779579,7.41294405223756,1.44068374451054,0.694587406684022,0.120270740633197,6.09203892141649,0.917283917671236,0.147863500674923,1.12504134396165,1.18417907390062,0.936440705647614,0.996989903370274,0.918726636650652,46.0461342718616,27.4757133349491,0.769703807391487,4.15641015537597,7.06569383430524,1.07167568696848,0.811416448461696,0.227563931444836,47.4643882724851,34.2188142499396,6.41374845111645,5.12584174642671,4.37709228895009,0.906592123309345,1.2394486300748,0.161872012370685
9.68907462790724,19.8650242149439,3.41473440964568,4.62003038617978,5.37207928500528,1.11953448107166,0.689115752564948,0.632785372513586,0.320928249151,0.595194160685984,0.371952351928632,1.03976775103654,1.44857385614844,0.950743777839033,0.898992482268901,0.925014339538707,41.6844789340075,28.1554161523443,5.35860045337956,2.90315503460648,4.37635519698598,0.864415512674407,0.309262600726841,0.142995585007798,50.8567292109312,34.332023646867,8.25158420438231,5.23877654210353,8.22711628057508,1.78778449679569,1.09405210126757,0.454955721417399
11.4175998837485,18.5846564122019,5.89568376745813,4.97613097079485,3.49892553321396,1.1441034391941,1.25001227423241,0.500716047305242,0.322614057300513,1.08768324081124,1.91474097067433,0.926886847475192,0.450515534179328,1.04714129152063,0.929760435660132,0.94225149887243,51.6904555334437,26.5245535145328,6.32776738146041,4.39167513199101,3.14742382453474,1.07114618101604,0.337036487362445,0.573010835787752,51.2622715552337,36.0801653223249,12.9826003220235,4.77098865939832,2.12594215968758,1.72311015593608,0.753635919084893,0.498946553787062
15.71321239926,17.505634563053,3.41402999525346,4.99194612521502,4.84281312630649,1.40573505033113,0.863526069114303,0.678926022350397,3.46845590554355,1.15161921347228,2.2114063470539,0.859752991175537,0.136424580126862,0.992136967684766,0.96516280966961,0.957794256067596,46.2042988726375,26.4084969056038,3.87026041900507,3.9454940464805,5.16728305737474,1.15988076168841,0.693026640096995,0.453800276090427,47.3974209188157,36.1816532863678,8.42080774385374,4.40039453458202,5.9011051829752,1.42641447816476,0.647461100868191,0.56387752155987
19.3105098805854,18.7454939070242,0.611767850815233,5.16564621229036,6.42651589104192,0.585742756115847,1.01515940264195,0.463157649227514,3.2568151076497,1.29513531704722,1.53010769803318,0.987305145873741,0.565441637547199,0.886642430714051,0.916369803372814,0.971567318056071,52.3271079856523,28.1044390446774,3.63409145166053,4.03308408576418,3.52098898406421,0.970869182074874,0.73848833722311,0.126426343681444,44.5440975747753,34.1021445769149,7.96860442618087,4.6956006614831,5.96418078559749,1.52075552342307,0.698302828958432,0.293429543270445
11.5688627560548,18.9465279987862,0.916564957801594,4.56656808672356,7.2156387408916,1.36749908520946,0.530273760937,0.174588914013369,4.50088419051207,1.09029766382873,0.342848327066871,1.08562499680256,1.17335011038896,0.986570763796596,0.985732632705085,0.927299254760881,46.3468727897605,26.1074461575711,7.41171421204268,4.36422822535528,2.31443278081322,0.979044719647332,1.35895420481748,0.274764926003274,46.0646519463997,36.2874642754844,11.2384708746309,6.05916926992462,5.14014082315671,1.93466722095237,1.2563973452801,0.436364010428452
8.88755331818264,17.2359774790564,4.92918673590245,4.7846964849232,5.93368508844466,1.43163310619455,0.911490146411457,0.412335992538565,1.89345284189449,1.1187880584074,0.222328840526117,1.06563727489051,1.31900870826502,0.949651839184654,0.991183096004893,0.930436577833813,56.0272233934886,27.0680081242049,4.13052450191871,4.44719348625392,3.43737097210579,1.66770950595347,0.613611647642586,0.0808749012278959,39.5236616081633,37.2987400163249,9.50604585505953,5.4221225816094,5.1398036046483,1.51496110105975,0.878842612743617,0.353912667865468
13.9984179395113,17.5601359127815,2.83953509866166,4.2225660403151,5.93984359829077,1.23134228830616,0.946330727196107,0.380619716580274,2.48353346329795,0.826146757770935,0.124666251478588,1.09008556319726,1.39710417888397,0.953689693003557,0.96936672475442,0.954227047695469,61.9438858293247,28.6267902940877,6.02861369807236,4.71630564985448,2.19900186728462,0.88009727674415,0.14158216506463,0.557917139214592,51.2183077432089,35.7240067894055,6.94761756319019,5.82751231390486,7.30871983480578,1.14926625319609,0.460180846071648,0.355399972463096
6.09318271091733,17.8646920857721,9.63410511491093,4.55049946060893,0.301963283322054,1.40293372411897,1.09216315027292,0.431238075314983,1.21843364859632,0.465253851530486,0.314389543022463,1.09641805083227,1.38171873747898,0.929053173524523,0.913572645961748,0.925859252170316,63.0453819562365,26.5107750109521,4.23151338016866,4.32723398804892,4.0256441405663,0.80868089260462,0.695113447964757,0.223099535652838,49.8223685533344,39.0960061591463,4.21471414550745,4.50326704873292,5.36104532512445,1.36978272740664,0.444133472321564,0.59446979410369
3.26774519772868,17.0283972249451,10.0270783926471,4.72217540011439,0.65641102428055,0.899789198945194,0.576478183908716,0.598311428226864,6.59152444361845,1.37505695597162,1.93911519099316,0.873188031898297,0.14803434369853,0.966383528635965,0.980261401817773,0.968761838102935,63.5356694416819,26.0408792367266,2.96744703536886,4.33300656712599,5.24960462481481,1.14587478401825,0.535504682561799,0.115394107896758,41.6112799339457,35.3123177338156,10.991143908647,5.88589856986576,5.28629430689155,1.59059499308598,0.948676912949977,0.0814498493212046
8.40991140699,17.9732249419423,5.47272189693627,4.29948614184965,4.71106482804769,1.23591750377746,0.806235788123026,0.156440466731032,3.65926695258515,1.36951197965853,2.16720253137887,0.864073863846604,0.108998116128804,1.06296520013697,1.01792042591729,0.957718922396392,55.9478290570071,26.2657015875761,3.87547786990254,4.47739362722163,2.96875368498433,1.06769995895954,0.509185546624221,0.223563579173768,47.9616324818802,35.0155615295399,0.735634336774776,5.91234891004027,10.5306064208051,1.24670902767231,0.927685620839592,0.777149923376482
16.4635325151713,18.3184758842923,3.02785449193503,4.48562243163561,5.92754818533567,1.56068487607945,0.27257636906615,0.194820466179566,3.98519025464749,1.30186195626054,1.08350914743703,1.00117339508525,0.74287132447051,0.904025427992474,0.959953722227657,0.954707938065199,50.5498044015487,27.3427185013753,4.33884102992019,4.66540639338879,4.60071027513845,0.814831335520139,0.428266593537912,0.265842914770951,53.9976872870278,36.382589899712,7.81533162418741,4.60392407803934,7.16735341024702,1.44813854218902,0.574453326021846,0.345062835511499
17.5646443981457,17.1866734431699,3.93977894587831,5.0678970367398,5.19057548580928,1.33827122483463,0.666530988902431,0.454411533689162,4.7632286881626,1.40324790653591,0.801456798930094,1.03760427613776,0.854808544282544,0.953019382975997,1.01770434470979,0.890372906971437,51.7280525269093,27.9707603745416,0.0579964821891035,3.8360156637676,5.80827393616391,0.860067476828117,0.505712707897857,0.1641279633042,53.9206508800274,33.308199182649,7.27764747458603,5.45035891910652,5.55933948478071,1.78414175071768,0.870680051850383,0.604665175960131
4.45783261236608,18.7221871609779,2.09760807025725,3.43928635960542,6.73872107688487,1.24948931122418,0.846745750261018,0.21860816230953,6.4597865885055,1.59006456820219,1.83813474391879,0.837370677066721,0.184998445183779,0.976560364639665,0.923473104087033,0.967224591837941,60.1047399603542,27.1756794907456,2.0766256082174,3.73296206176783,4.98171640344807,1.29731305773178,0.693496494354038,0.222683670546854,56.1388759805313,35.4887625698421,4.86162620028695,6.73745910881468,7.9682521598536,1.23104092081566,0.674359795242806,0.762434605802443
11.2607386758976,17.9654424902236,4.03417245893742,4.59093667285289,4.71164905567816,1.58648634803171,0.732242566575291,0.0353619930042929,5.26312347939919,1.4094145153677,1.60548162068265,0.854629991131523,0.438850568223579,0.901496707112206,0.974854949993204,0.983795287809363,54.5792983330127,25.7497921348863,5.19773667705391,3.85542545678558,2.52790419485492,0.999535275160923,0.701318418736963,0.515999572134699,54.0764715753436,36.9051881928449,7.47533402491534,5.19661648580308,4.56412937414875,1.18697482134545,0.338487046030316,0.378246568464454
10.6539220943614,16.3325187124328,3.79510768109355,4.95341727404064,6.13529100048203,1.21823267950082,0.753821097385097,0.0674015620840072,7.19489496602188,0.787951898756604,1.02029087678894,0.948710635130597,0.67096202055821,0.986793514508786,1.00308567920145,0.923758631007385,55.7145345112549,26.9183889058655,4.15874361717443,4.45914697538133,2.96631111117444,0.945750611026534,0.735743938085857,0.648313741879532,57.778235373935,35.4023853120041,7.06982845571084,5.84180959535864,4.36106050742342,1.24403720249814,0.925871641335495,0.32340545997601
16.9096033936329,20.011326643747,3.78011529709395,4.68266168736307,4.84994735899281,1.14484022472811,1.12622527055359,0.148566507055251,0.970020766601929,1.39581636995179,1.83667280354376,0.908510240863223,0.429742995410253,0.974043032154989,0.959991631140392,0.931468896455091,52.0808784112509,27.4991224016715,8.4495975400997,3.14546739278739,2.19174992540947,1.18855376273429,1.20226466071544,0.43841025989804,45.8088304870693,36.6240919954192,3.0943982567841,4.8811055239875,13.4021964135051,1.54593219202011,0.952493771608718,0.155027928935667
12.1443021889815,17.6843260487172,4.74388015785212,4.82260738402641,4.45482878052467,1.33174299308228,0.951915328342768,0.307625524609493,4.97935921555788,1.34069308641178,1.99526052735899,0.784370667371337,0.190886258180468,1.07598356906766,1.00200646932392,0.967822087150182,51.4526942697547,27.7085600016586,5.96515219028204,3.60427510574991,2.39226477669373,0.928489558113811,0.746548938228065,0.421767607863396,43.1893995561304,37.5396724841112,2.86644667155611,5.93580565765804,8.80166660565478,1.04605352978294,1.01643679491185,0.671496915364396
8.87987556581086,19.1620479045761,2.65469828982935,4.02556017302174,5.42843808792448,1.42027393524311,0.676488747321173,0.303143720022137,0.19687953214674,1.32483400465847,2.4453685231819,0.830357779414221,0.165204645345838,0.941505275664985,0.907647708686951,0.996156286945965,56.2211506167788,28.5364258134309,4.95433692320194,3.68386326080266,4.062699519451,1.05070866197765,0.591364970718801,0.321639431445931,56.3922448647489,35.2608779063476,7.02054544318726,6.00116114346924,9.21111415726691,1.29063890214026,0.789796587460903,0.206406751135096
17.8761368334041,17.4685252323221,5.54902537255778,4.90460285998187,3.08992203631165,1.18389419353844,0.458363051407702,0.241114694191653,1.31337529736834,1.69282877224195,1.9618717324697,0.826410907795826,0.376694909064721,0.97051267092065,0.929281925346434,0.973387463058961,55.1056682002138,28.1072835777373,6.65728572330589,4.44456713577834,0.381747879155522,1.31562512061591,0.370659767972164,0.10061901790617,49.0297369042496,37.2381941596388,7.67992290048989,5.55057186188102,9.1072968469339,1.48625554198865,0.60208800218845,0.514831948098607
15.6214420632993,19.0330569751007,2.50223726300698,4.68202123044737,6.61396323786729,1.10681293193173,0.624804653455507,0.0243225389700701,1.94420592412502,1.5669850835815,0.392269329483919,0.98874653502612,1.20860787174252,0.884504800441673,0.949696046406656,0.92994712414558,49.9420579740052,27.5136819266351,4.83641980717698,4.96182989324608,4.07903416323831,0.72264123775946,0.23601732049531,0.134355118260723,50.334693708527,36.5038652043146,4.85388041005774,6.03760826923987,9.26585781969573,1.33784773074592,0.602804893424613,0.211210983225682
19.5724161353426,19.6900979821981,2.30888046296497,3.96699972484449,5.53386155535237,1.13377456185117,0.75055741420709,0.42651673736147,1.05837186956647,1.12282597826763,0.335515644038495,1.08766299662256,1.3148574938934,0.917157948199321,0.921148905324598,0.92216133996909,51.7527805651612,27.6361336762617,3.75263515277929,4.87365219529234,4.71711133948567,1.23224209642327,0.60804434211607,0.46213081233297,55.7831772598401,33.3578921590554,11.0678731506407,5.37441610605028,4.37990811650888,2.20013832020156,0.84170101962068,0.258979138954589
15.0358630843651,19.0893492157708,2.80974162944643,4.72184739269646,5.40206096158874,1.33928688322167,0.64819754105192,0.604094452921766,0.626048184993125,0.995440994800211,0.0756141716048365,1.09099743012272,1.49320134571876,0.901621965357318,0.973487212197887,0.911540664519453,51.441608471534,25.9294312850744,4.08840291574419,3.65443486554783,3.77308943702725,0.971819486960716,0.353735467338921,0.37084185054672,48.1881262636227,36.7322150288801,8.06019293295007,4.91190063142181,2.16325878118776,1.55351199877184,1.04526153152606,0.203487924588218
13.0443348616916,19.5091838504876,2.49190241792736,4.04002532018072,6.51316917695814,1.22603555056362,0.73739528344555,0.31603854769029,6.60116856168223,1.52009416897678,1.90515365193135,0.8060508756985,0.125361347528042,0.918279370488696,0.959747904650668,0.995165131247662,45.1671918356834,27.7638681887914,3.73805376777386,4.54200114247886,3.20723638722349,1.24187583656485,0.681156717919204,0.118591966485154,48.3112072527001,35.1462835408309,9.8196553823988,5.36426163664482,2.41576583173146,1.55452241607098,0.495907556738913,0.478483805912278
15.6246905328023,18.4411845539716,0.00599193866136361,4.4517336322912,7.99847156423408,1.33644423828325,0.496482525416088,0.328758395651704,2.24181855017548,1.52889631202584,1.76865846133083,0.904288372704734,0.434278010352338,0.994384383243894,0.982492400077599,0.951938856825513,67.9621112642824,27.6314470015052,1.68942647734846,4.77531927002534,3.72585756101624,1.03449860828205,0.950794005638448,0.343990781926055,45.3540761088893,35.6349995091957,3.71688388459441,5.76972977153255,10.6852012272547,1.39005758123311,0.984028560721855,0.225821717230998
10.8309538842805,20.3563614279337,5.46287478991192,4.77168648281866,2.97039189312788,1.11735221535009,0.617282708491067,0.411431434072925,6.87612455671992,0.83368869515756,1.50825037141852,0.902097682011325,0.401172412802829,0.9496102299891,0.971820297382497,0.970002662849245,50.8808518553114,25.9068791855006,3.85975468994096,4.06102544034556,4.18657431570417,0.709784393217708,0.360951557603445,0.0838921742538572,54.9012092435824,35.8826521020878,3.33232353640096,5.49505493904811,7.68640495598765,1.57150618384222,0.625831308073522,0.418523705891877
14.811737006353,18.7427937201797,1.32566490883213,4.02908876878393,6.03436096891593,1.37928819146775,1.42564549319374,0.142307211721215,2.97055692833508,1.41381687942558,1.55001929280815,0.859252710222498,0.519390839209215,0.948745868339909,0.935068727814766,0.978974045883433,68.5451161403059,28.8874638467767,7.27683943289163,4.19021530660205,0.933866426539142,0.941879936397866,0.417131812080706,0.422636771317075,49.8522166586454,34.857377935554,4.17763088892069,5.85202984733978,8.83592478034175,1.46942055589355,1.34420188734188,0.102657554313713
17.8913168732986,20.28761201657,0.564694937867001,4.24047986669178,6.58493336324717,1.14743016979377,0.801610269962043,0.250851393473172,5.2003341296459,1.39812488066254,1.39948123839142,0.924602653489085,0.502239092564598,0.98655830976409,0.996603274683182,0.934485652290673,57.4604420248692,28.2236776551732,3.44214716586308,3.53599594725907,2.92534094204096,1.0700151174236,0.349121445527866,0.0787796284466601,52.7445923383806,34.8243272096559,9.49122678905626,5.44991781886953,0.685527036851982,1.29557968744049,1.04802609434142,0.352261033515354
15.5630147963363,19.1334658108911,3.10820776580997,4.13037295694223,5.90477112297074,1.33386466275508,0.439580079489913,0.590538962140724,4.47350184823006,0.89880586971029,1.17500889855813,0.976416723549404,0.746494568175635,0.952416962401624,0.973282433986269,0.956128974676347,52.2377185130132,27.1700778507497,8.053448862134,3.68538319749242,0.783758223534525,1.01375828128704,0.572219360994583,0.102682383021592,45.2170040853667,36.7613085291666,5.00218133810865,6.17521375071127,7.21345069969978,1.46490096674929,0.271910347794287,0.0406025585831755
13.1000894890605,17.5597412377748,4.09368492392485,4.40957155730174,5.12774602540897,1.42029668060866,0.885606381493916,0.353088758042856,2.39085338653416,0.725298264266941,0.681598795873869,1.02525192989058,1.07187732375351,0.843530177212746,0.93019677232668,0.968851511750542,62.9977256588707,26.5639835693409,3.83096717096304,4.30866359812209,3.46744363698854,1.28842597314402,1.15952270351401,0.0387100340767749,48.3660133024701,36.723099092687,4.92057335651281,4.26518680599747,7.72378149858571,1.22403218754422,0.364042310031881,0.0662080282689917
12.0507479450469,17.3019108890293,9.14655103412881,5.13728085986522,1.92344824799969,0.893057851261118,0.775553436535539,0.511616481164,1.57864088171484,1.69517045340476,2.57306038131851,0.784573747534596,0.0428652627915729,0.960717610665068,0.980949129006589,1.00145230807868,58.5331429980348,27.5740365121356,4.58591416038184,3.4963150718559,1.79419807583237,1.26154417307986,0.585411527408367,0.551935831339654,51.07177822026,36.5189257014574,2.24105473925881,4.2415427438142,9.67491087611431,1.14359596128399,0.917417962835989,0.539742273214253
17.9988074142306,19.6415099725019,0.412263540821561,4.29793636537095,6.35637667696654,1.47762955398783,0.882497853906185,0.437701282035079,4.25622077878638,1.23147680946601,1.09675313715481,0.909667894604043,0.679800787006739,0.924862584497168,0.942007141076809,1.00944800457864,61.1576112423476,27.9898776176126,3.53095267265967,4.48730880774074,3.96368026304167,0.193471931240821,0.242982437453899,0.00240681804872978,40.818222109206,37.454371782616,4.34354764334016,6.13454955029089,4.62054918317278,1.68101526405993,0.660721315780349,0.226270651965996
8.95542520129827,18.1693833024748,5.93707667499981,4.6531351344291,5.35165348031406,0.751319445729171,0.781332178508906,0.170326896990414,1.37171143667188,1.08318357816505,1.71001396555301,0.902211948527567,0.518126107271255,0.942262104440559,0.919496027523338,0.980893316278828,44.4326618904417,27.4634774375263,5.60848547205567,4.12895963100708,1.97461023732297,1.02799970359278,0.71266056926755,0.298868504812385,53.5815895050055,35.4203252462493,7.70151795614668,5.98535683761435,6.89473432381892,1.61875219782519,0.580276686612598,0.292566417689296
9.89074325205142,16.6177074743633,2.90597615834717,4.61347779501301,6.53492640930942,1.4028048176378,0.879093672893367,0.375755046399202,5.01454685454911,1.7178055339067,1.95285477281229,0.876929521400666,0.13192105005641,0.95772268406194,0.859944975805542,0.978545268832078,50.9266919662731,27.5990646257455,4.58329809175602,4.04321840343065,5.01929766885912,0.81260053029954,0.937019034647389,0.17190939793649,52.6052386784302,35.2187411974593,6.99996140612671,6.13077295624838,7.4409515589714,0.809025853905018,0.500865073874004,0.503384235250071
20.5874302643141,18.7786380302222,6.64477500073437,4.25995778414151,2.61368930773457,1.38800071715461,0.743307861562495,0.44543733912275,6.23170575720214,1.34371776043836,0.829606293057996,0.862579848353772,0.800281976057333,1.03103311871072,0.934722966733979,1.01250647690377,58.5353547576013,27.0926301766866,1.50316546740483,4.2525501306764,6.9245479858086,0.673114291157997,0.528161823374599,0.299921275917776,56.6406776523532,33.5255744210512,0.806911844747757,5.34320262644845,8.46090003604023,1.06027136107525,0.611233353106653,0.528870951662375
13.7937255055876,18.1042343135544,2.84682343609488,4.51674815397206,6.40569868587169,0.955311617078062,1.07026938779694,0.442579589667734,4.60173617630622,0.92988708690828,0.434254779353773,0.992244099751872,1.05743776672287,0.925281506153338,0.930906553054977,0.971218608002204,46.8405756993323,29.7930522777519,5.31307814225855,3.47471486241602,4.58986192101418,0.571589724204034,0.81714384813767,0.372581414522002,48.0747435576178,37.8360543536512,4.63749327802558,5.20847404381946,2.81408770722874,1.21782992504298,0.411567012694758,0.469012986328568
12.8381076824841,17.6182808679863,5.67751812999528,5.04819559854044,5.38349824576964,0.779794587009833,0.501363320955642,0.107652643793332,2.82184963766,0.610631248406194,1.71899293843246,0.867742440035163,0.502379066560103,1.00862218731593,1.04776653661075,0.951527328155054,49.4950854264913,28.5536150515794,4.74063851489322,4.30696749939599,2.8938262813694,1.08064021703255,0.640675025804221,0.10857668464462,46.5012430087285,36.8766829145554,6.88896370960687,6.0821120735747,5.13037275459237,1.43818160794975,0.587610152232683,0.674939792919557
7.41761160292626,19.5107916910928,1.75131646325486,3.94937781357593,6.86129335480189,1.1854444002449,0.949982017787714,0.318411643298944,3.35323474656875,1.04989485824072,0.309612538763504,1.05175550303565,1.21423033728708,0.970555451437876,0.879086660936862,0.906883713365016,50.324214618414,26.8250803542332,3.06074901956364,4.52120523524453,4.02871573240602,1.3911552536264,0.416134562765587,0.125371399214383,51.911213197651,35.5035445228857,3.82879406591379,5.79900229251973,9.14372127351735,1.42970063834275,0.999973958901422,0.493295429632914
19.0263297245981,18.6397549722707,5.39810797012455,4.47627202173608,4.18027245809346,1.57986005281605,0.706430687262802,0.280136903165452,11.3909305042674,1.14801393659183,1.6900553643871,0.960945649911739,0.0446179926059805,1.04142994765228,1.02856042594059,0.900625318748015,46.6151181143641,26.4308787913622,2.95231442799549,4.33335169297155,5.34725796750322,1.25201152172022,0.670101228959134,0.273583040207185,58.1269827203779,35.7471302432925,9.79698773276847,4.94773010957095,0.769434458885082,1.43787413966709,0.658848127596176,0.750199121663546
15.8884262247753,17.4502185541519,1.5910705398851,4.88368854387163,7.377790531354,1.28976371878309,1.14138193329313,0.27137583016061,3.13796690982758,0.733396785727429,0.774438392889682,1.04441668196352,1.02113097185671,0.918088190703741,0.92880432974064,0.94345402065185,53.650557450272,26.5459054493384,5.30194252489097,4.8945666206567,4.61168362274585,1.26425430904096,0.953294140378434,0.217554488492319,46.8276651753261,35.7961479184762,3.72938323088498,4.39546336612977,8.91026302232822,1.47612379560125,1.34046846294553,0.127205185086202
16.0497707214453,20.0509760133387,6.07054804023219,5.04832394565382,2.420436191453,1.14796914249436,0.651298522186526,0.521894605322781,2.20932529795043,1.03770422862512,1.15698587585711,0.922620376986557,0.803609735650923,0.933873490963598,0.970294211489817,0.971693253130635,53.8492144040542,27.164008773133,2.43434292663912,4.37212685555249,4.81329782830231,1.20180023961907,0.769946004370497,0.413138612977913,43.6376010498845,37.6584870282005,7.61531278597245,5.63175170367174,2.40398070965619,1.62040469304489,0.703163750826529,0.0905887052722285
17.8289283159251,17.8185103931843,0.804818547144126,3.88319979333228,6.7648792086895,1.28704909579941,0.89193079596249,0.19716783180916,5.62785822665461,1.3514670234556,1.21476680686186,0.905768323772056,0.619137964194925,1.00940419380889,0.935823563497567,1.00804829265083,45.5790452920671,26.7077624238661,7.07176721554663,4.49143511534761,2.49390787459666,0.838230940048078,0.31295825552409,0.190357524307611,52.2811392702861,35.1329070894343,6.41278197259258,4.76565368500189,6.23235946933144,1.50227524451606,1.12829609897498,0.305027326597768
25.7250594916601,19.4526649088011,0.579027484490765,4.72998421908242,6.0732940998255,1.00984464217366,1.02072803716874,0.501180940807831,6.32710668938435,0.889454943753954,1.07292535369856,1.00784247192831,0.63264382614188,0.880747317792321,0.958886767634975,0.970965936770744,50.266449134173,27.3954108589125,3.59047126960033,4.0305398923047,3.43096659922741,0.49182601635962,0.923898557810232,0.116228989608984,48.2346801711904,35.9241017549938,11.3117841028346,5.97754858448809,6.64118324738094,1.60491304356232,0.793700417069097,0.350963818923704
10.2973574455376,17.2347030141667,7.0877619245854,4.90304743034273,2.70130538668999,1.30259760714789,0.716159361412408,0.452061642224113,1.70928176321152,1.17463288012344,1.97310083721006,0.839199360570358,0.356484241251084,0.962633933720488,0.988949264608517,0.98458507908727,49.938309451495,26.1436529556344,3.84464878948562,4.13937704692898,2.19398692253283,0.578303568994942,0.540036262102393,0.16366574578961,46.6380091880316,36.097262929357,6.40103216451084,5.76290291240986,5.02666395387744,1.50325146322774,0.51995932515973,0.472994505961238
5.516281285861,19.2322191913625,4.90745301928184,3.20080827257548,5.49415556985033,1.35406357470341,0.971489012955339,0.52059536545892,2.72782527133053,0.675993612671268,0.470640685416701,1.03667129021069,1.14159976718845,0.874423231443314,0.924981354544608,0.961735920042431,49.8359560943963,26.0216565299642,6.27415072585103,5.13352533719405,6.9177932388839,0.356441621645259,0.321225096418922,0.154501808116474,43.8615280696218,37.0038227718682,2.48217600096115,7.10016342204986,10.8530676773724,0.834869304607752,0.976482322860681,0.369661535852313
13.6052134919603,19.4454611082541,6.97356913272937,4.23859946789523,2.54906353683006,1.20926039079501,0.452167457175787,0.433093191400867,3.95709915850768,2.41835749459332,1.9907854304678,0.781445880321355,0.172752011201165,0.915033631401185,0.911312561481325,1.00946622268197,60.725792292432,28.4907581612403,4.62350562904544,4.16420353897673,2.2150919619363,1.19234153315332,0.347638572540478,0.290872206837822,59.0200295757605,35.2606504555304,11.7344925149239,3.68719709004722,0.922550638481684,1.41290610759658,0.975434446482476,0.345208902965899
20.3438929593061,18.1047195511762,3.32992567050643,4.79338654954141,4.41508138740271,1.26648603222099,0.449575455865895,0.384912617722015,3.16158365514442,0.673536621544662,0.0661971641036021,1.10589141614319,1.42308461047063,0.934502579584328,0.920856769738266,0.912619009714218,51.784586891816,29.3685123276764,5.71608625976724,4.39250955264663,2.20472673771333,1.0454277846503,0.201122530288653,0.402650777975265,50.2835061361104,36.3405520935774,5.9084800571894,5.20063001957193,7.73485275624256,1.3911784122881,0.672880638271838,0.61898479795297
10.0967801511035,18.4033958706811,3.70521128370786,4.13230582109257,6.45785057759584,1.89989207869504,0.497566392735884,0.157123548793077,6.88742490609681,0.799053816488531,1.22258593001192,0.913878173282574,0.535365474113241,0.994277887382995,0.955157775701983,0.979216544884018,47.5826372955967,27.3607267553622,7.07689922046051,2.97197224689875,3.26799232498453,0.830613648532244,0.556692844299459,0.531768372004619,45.6353664385691,36.4397267005677,5.51417827319774,6.03401114630771,6.58678856779527,1.53178226368914,0.801142530183822,0.0929185477968171
18.6498003879491,19.978621577797,3.26688389317026,4.49439361874945,3.39739989182711,1.26221711712893,0.382006879599288,0.461237767542811,3.96812493728126,1.47719262753244,2.16405063436018,0.83496726419103,0.0985015857932836,1.00892748682451,0.979281055606499,0.96809222571057,54.971745775868,25.5420971947081,2.26010310140184,4.44603952639456,4.35973887758237,0.550637346994403,0.369740737323189,0.11357435924933,49.573199862953,35.9456862922979,6.10023615657321,5.07887670819728,7.05530591571446,1.97109347257806,0.549719141307588,0.476323586662985
6.78886108828176,19.3223601746397,5.85437790322552,4.22973479494423,4.07746119223968,1.46251583516463,0.389488075807884,0.35494442421553,4.61641186447686,0.808148098876924,0.353932741242576,1.0033748835232,1.22283168819459,0.925570135797596,0.929543120505726,0.959869036401217,60.1658187373414,28.2838583295202,0.933903397992741,4.45412091883158,5.26076969904141,1.05288330038997,0.656222833322325,0.286196922877468,48.5334338981142,35.696266471937,9.6108026606339,5.91453349968897,6.42675692102967,1.72540542330301,0.942224532862926,0.624364349437222
16.1567646268217,16.3094276886969,3.63508973930876,5.30841933245856,7.1336391455912,0.785980609744886,0.684492710256342,0.401007665781007,2.48124149325111,0.879938729134751,0.0347108429127676,1.08045247579424,1.43292801167041,0.932803793133298,0.998157194794434,0.891473879233655,39.6873238630272,27.3214825993305,5.36295575331764,4.39999927898555,2.78973051272236,1.1106878288543,0.89094409697077,0.314568618044779,55.853826136826,35.1478675428738,2.73887148737749,5.82112213453358,8.7385301164171,1.37549005838621,0.838029385702095,0.238553476489126
13.1576866543019,18.1814386950326,7.00579762454497,5.1426035049937,3.37475885779629,1.29224478562586,0.98726700106987,0.318246524361746,4.73562492304087,1.1682561527955,0.53702605508491,1.04311129890901,1.01342576956062,1.00750249519262,0.816496736121138,0.939419650085231,54.5317849634154,28.1108264741664,2.89474105930106,3.78626372495527,2.71566372737601,0.809377823618522,0.466963705422469,0.336534517613294,51.8415247664498,36.0797662979322,4.07803106384282,5.31936631126156,6.0276309970622,1.39335584117583,0.95191371123838,0.41727959419672
23.0437038338703,18.712464453642,3.5302953388151,4.72424390940173,3.31361968384683,0.72686563694432,0.529457744423056,0.599793808826724,3.49498966897837,1.08643711411523,2.40937532325899,0.870728937693156,0.010202862450867,0.998727258377189,0.975324453782421,0.950000773334515,55.0381396181779,28.4852949982693,3.23917913754317,4.6247931926155,4.20076647930329,0.857136847021946,0.471741642425309,0.000186415204429996,50.6285994778226,34.9762275778204,8.76831011016648,5.10300198799634,6.94540590326718,1.59755556997836,0.667902315466961,0.304574223341705
15.2446323718222,17.710608490513,5.73679661629442,4.55799803605201,3.41995749143279,1.13108722990851,0.553751999914659,0.153777455879365,2.73483916897282,1.27368074353919,2.25994849869096,0.854700829664928,0.143360819894849,0.958398660668554,1.00652352962006,0.940242032532621,57.0775445503371,26.473236076943,4.9958076192944,4.7125306304823,2.57650062421531,1.01816401333298,0.224049489163502,0.342997523214123,40.8334220027249,35.8609917339831,8.7317028056473,5.44019351838008,3.51888468651194,1.43218482294103,0.734554380044034,0.15050868526803
7.92421743259165,19.2463169820407,4.48414542724798,5.03262468691531,4.83377097187236,1.2987814430893,0.672037961584763,0.293951936616927,1.85458527311526,1.29180833974415,0.840046279036574,0.978664923684132,0.970134089845412,0.957857184133476,0.877724008061015,0.933183148544573,55.0299781819336,28.1017289991105,6.60278307122846,4.12563601265817,1.72983894081666,1.29353524494078,0.211928585875211,0.112635845737778,45.6041752122933,36.2297042759637,7.69601374288923,5.16016601558492,3.4019084881059,1.20018240249909,0.805993640420099,0.350003161982572
14.7210820329239,18.6171878000998,0.510088703794411,5.22087846481479,7.75040903024849,1.26714717184606,0.715304447613403,0.210439260956029,0.354223370099284,1.49969813451994,1.90832551014143,0.870444778734739,0.430700449073205,0.970241559949341,0.951080456351444,0.977680456868697,56.1407795829776,28.1600466844752,3.32374542102905,4.67770220667039,4.33691236471019,1.46506661297593,0.333405497891859,0.294643892393898,50.6386260365794,36.1857464118222,6.35077593793041,6.00930398562404,4.61019290770857,1.22267331048839,0.753377339669081,0.293642580570497
20.2687823504651,20.9736009112896,1.12142376907201,4.62918412129704,6.94946141410142,1.3139299457979,1.04037871124615,0.187049977336885,12.0721555452309,1.04206954813612,1.72889187067721,0.84344075325781,0.0281296977972669,1.05807810261809,0.993794238611764,0.96320951417184,63.6171935120066,28.4075674488689,0.865430530072542,5.13938120013916,4.51893849949275,0.794582150292097,0.368875694737506,0.403371126837213,50.1859177147012,37.4285826069874,10.3378937577249,4.8989109509282,5.63105599801064,1.18217080590992,1.17191150607533,0.23526581400165
12.3952706563333,17.6770109981728,3.85025400372105,5.18047481848596,5.57835737945294,1.14463491396716,0.740979339397789,0.271295976622636,8.67580170860991,1.10997846518975,0.761816163159998,1.01659154427756,0.668846540909969,0.958413742984781,0.971008020837619,0.945097622680029,45.4304816240663,28.1613366299525,4.49569421595651,4.10757058781481,4.63825576583149,1.34725250362254,0.644666417878974,0.120763836315723,48.4791980179937,36.0040414328665,3.343020902046,6.10864751486068,7.47722834708893,1.83614495146728,0.769348479423824,0.0122672598722781
8.19238234488377,18.419326967284,3.8486656760876,5.02386603973947,6.0683923009912,0.908946872782655,0.44899669883606,0.398857248387185,5.53070150287709,1.45891003762763,2.12627765014479,0.786174738655702,0.0166815059005696,0.994105152967776,0.909119963333216,1.01728210076482,53.6955162833854,27.0817188073747,2.15532599857383,3.34521388546602,4.39548708856229,1.14816633333003,0.530083528397152,0.284763049889754,46.6588834915661,35.3902816233666,10.7936550605886,5.56425266125793,6.84581274517298,1.64664203227072,1.05378397407917,0.432258888981396
22.9747253667847,17.7900136811318,4.00935695694339,5.34224757364279,2.43840259544884,1.34899099309951,0.927383891128675,0.263727595275859,0.506649256982357,1.11118619635887,1.6742668912058,1.0077998831847,0.625475403994491,0.962429785395849,0.954381797115703,0.936814053997169,55.7526369655689,25.8934515463324,0.481565917525264,4.26654182968178,6.04851599526672,0.470943649764324,0.823469773941642,0.468543309876951,41.8463884647974,34.4388932335441,1.92647982886503,5.90729372211622,12.7713508367439,1.35836933249966,0.95114831469471,0.389555987583265
13.5048737328911,18.7021733229156,6.88309584040337,4.36150544302186,2.21060287898979,1.43116711041087,0.821617651750238,0.54082284315848,5.52232863709733,1.35598150912924,1.31899004260114,0.992614694025306,0.496727713619166,0.965484795161992,0.952071113244227,0.918278714653426,47.0857817061852,26.2870928888755,5.16425559811474,3.62073589172785,4.10233088365286,0.63068118116573,0.544560270226393,0.260221983984776,36.6360592632954,37.4472138233526,2.73179638426044,5.37375179224873,9.50857885320003,1.3250286167316,0.892108431534276,0.19881338593484
18.1061454912515,16.646384831989,1.30690769061925,5.31875448565368,7.24989235196115,0.744017527795228,0.719663788283011,0.102592233231939,2.43469766681078,1.06363952773772,1.56230997801508,0.941621326372839,0.600098715301281,0.97553426624874,0.951202032726867,0.90620146116348,50.3185083606422,25.7202264342361,1.86288348959773,3.96472630108534,8.00681902533971,1.23613998632179,0.406405571453884,0.00535535952801995,51.4600475854463,37.5499882396821,5.84442214725877,5.83525593747319,4.56278653289341,1.89600494886494,1.08079260564629,0.627592265907081
6.09849247057298,16.6389120547332,1.93668016317192,4.72003869636094,8.39297229753216,1.06423732099588,0.563890523548332,0.314468549052029,6.82323387250862,1.05733480428069,0.91097156592582,1.00118175309523,0.710091251796123,0.924215973647606,0.896235657444081,0.982321183774566,57.5988082799987,27.1429908591831,3.19891181106114,4.17439896638985,3.13186534888131,0.883556010498887,0.594097607079419,0.0929960407948579,50.7665548895366,36.7663734116193,8.44613458887915,5.31548019829107,6.55081684224777,1.30836174715909,0.970408377711381,0.581291138907916
11.5175914395485,18.8498325069593,0.833999715057363,5.03159349081077,6.99035201580059,1.51671169634706,0.701315892177428,0.206193884232537,2.60576707654247,1.05838196384496,0.993717099813829,0.90460047448123,0.914910083354977,1.04916426543831,0.94720582167518,0.950675415823201,54.660100966495,26.9334042387852,7.95773774961142,4.02748010706942,2.1673757231735,1.11022562864592,0.661698679200926,0.288015826829969,46.7280095256267,35.9907612216421,4.11784838880141,5.05191416133727,9.36683181845595,1.5249598335569,1.05110124892228,0.134792492928084
12.8889237707157,17.7868694593484,2.28234109749485,4.9748558309743,5.10022230554262,1.22699035184005,1.06707670229919,0.185600284995779,6.95300005347474,0.928444765628284,0.180955987639779,1.11067380032436,1.13659204530106,0.981903014070647,0.894815847474325,0.935828141397705,54.0865887927064,27.8704039934386,0.648142145206599,4.34912776185428,5.36175639687764,1.34059618780589,0.634646273233118,0.212523487299709,44.7269270310914,38.4609204732171,0.59416206607678,6.27056975277546,12.8838188773353,1.48894178027666,0.804758214283391,0.321407475849656
13.734810425578,20.0840147264534,4.12354558063037,4.55241784127487,4.35907188790505,1.21548809848669,0.818455412187438,0.364756159984764,6.69714811380239,0.83363602977972,0.502415098646204,1.06559355200632,0.940102530946053,0.93932784053622,0.906995385532731,0.95761211670279,54.7865331730725,27.3830838837252,0.69565284130049,4.12204126908242,7.06247543131836,1.50879230858747,0.689040267776707,0.194984453392585,50.5061423941562,37.4175202905155,1.89367972111151,6.32144958278827,10.7850609546801,2.10432138615232,0.637475904097966,0.0841277910812771
10.3446689453078,18.9903908338671,3.77570294338016,4.64150771585674,4.61321147069301,1.06408651279822,0.673619050388642,0.397393488542491,6.06329510549812,0.998769648371862,1.26756808169854,1.13976933943807,0.588609646714402,0.974858704794651,0.97217117389213,0.901448967034252,60.1278044404103,26.8867401005711,4.32364935978896,2.84346582326071,1.0000446448006,0.861606304607899,1.10878267766395,0.1456485482667,59.9347444313077,35.2151144185213,4.84699803189592,5.04644075483977,4.67227532989827,1.13981523170637,1.20636890905107,0.269556025003261
7.33958747116898,19.7697364547839,3.10288767812598,4.49739471301084,6.30200479156014,1.53637437943748,0.448721044998088,0.345913588468346,3.26761217877726,1.25216786342116,2.00968583471984,0.851356136957921,0.249123276530244,0.964366359129963,0.928760429571304,0.961329577925212,55.3967873414189,27.5071230625218,5.10705467530153,4.7152516118311,2.66669280244746,0.882072059042401,0.707514491883844,0.155571343019302,44.2352002238758,37.3569913848762,10.307866984119,5.70448128960452,1.26633391862776,1.24517129831996,0.800764415414588,0.8455488062871
8.3037944940536,16.9741140616068,4.16338873499301,4.72540949381213,5.13107189643966,1.06934606098481,0.605047439589278,0.291197431320696,2.09580906027718,0.803413424946734,1.15556503920001,0.955533284385384,0.836345378717436,1.00801731147456,0.976785961520754,0.928939639445782,56.9906311068994,26.4059903773688,1.90469857259113,4.43657920689791,5.30509413297868,0.552476702108593,0.696310954388372,0.190528277752227,53.6250771087032,35.8237803465192,7.42051197392156,5.12082071956372,3.16225464174089,1.47667529666697,0.825460664912468,0.517555864692996
15.7574587270261,18.492463268537,3.64710226147799,4.94294698070883,5.73446477220048,1.0487657518039,0.479299508965314,0.118330584066445,3.28135141158422,0.787997614975751,0.950840807059416,1.07919278650856,0.894431245272619,1.01175243714467,1.01583919401125,0.882385605251076,56.1208656761672,27.3746119223658,3.36713969473746,5.38535650172421,4.68781109164658,0.90104289643986,0.619975056974539,0.305688777593098,54.1658023505028,35.0655810279018,5.19451869633237,4.50271335197159,2.43062738673775,1.31597433450874,0.881202548556312,0.383222391727571
13.834794833157,18.9099189961389,7.34522618951133,4.73963151099436,2.06101570297998,1.21540304876198,0.40743743041027,0.454007628216062,4.85724136742354,0.999035705895587,0.787254979091948,1.01230149893833,0.909048996255907,0.939535736311169,1.07639828861191,0.920198249880212,45.3555024927735,26.1950556832108,5.9520244895599,4.823632474022,0.248182464193083,0.979118860145079,0.837288948610502,0.367213825640455,48.6085301007746,36.1782020058689,5.55141441298461,5.23447519224108,8.59059544410694,1.47489055856097,0.913406470319814,0.0565090453927741
4.18973521706026,19.5045521669961,4.39105148330501,4.17402318486105,5.947610487543,1.11139920510439,1.08403197433589,0.185376019007028,3.58540884267454,1.60638557413741,0.11358541001074,0.989913771516279,1.37600684885586,0.913455562432966,0.979817760486943,1.00300497498009,50.4018253476614,27.3067105849062,1.97996327894762,3.20130382052041,5.64409488691732,1.53506786115386,0.382302824604367,0.0434533172759569,45.8130862896071,35.2218702569631,8.27955057689005,4.77925409521887,2.27321764232459,1.80300200916414,0.394928306194108,0.245941724538056
12.7323681547455,17.8207006374559,0.677607876003801,4.61069256545343,7.62964624437335,1.27634756776915,0.873685156246417,0.182022618135704,4.06872727004107,0.761814087730428,1.36843179427605,0.986912101155027,0.592450086307118,0.984234511146185,0.899039997821208,0.940603126965187,57.4906040158805,27.5521827638806,4.99496360539108,3.19851060919513,4.17323499156421,1.04896493525562,0.825201163955637,0.335642891852529,47.8549878969728,33.3843507759999,5.94103199422521,5.31052767643178,10.7474175253685,1.3793758671359,0.475639471651083,0.251523318962585
7.02195794185981,17.8123426718114,1.93399510684919,4.7558370357301,6.99760325313118,1.27411624455452,0.795824102795877,0.15158502993518,7.54202961802966,1.1253338949818,0.184783157059604,1.01848810911708,1.04408147773617,0.918377295000618,0.88737070033999,0.958975397784231,56.8663381899072,27.1489048555194,4.13115584042093,4.25843664333916,1.25452332020726,1.42455864465452,0.814725167720499,0.213826579969028,50.6123628095653,35.4004707374256,4.27029273528771,4.19818104164311,5.93801575565317,1.43894479195313,0.680446731669006,0.304955749459443
12.3824291313373,17.8669216771204,5.35265067392897,4.82420747978313,2.90344718545733,1.13089616532923,0.677831868157442,0.556171472724528,7.53991954844849,1.46154039090099,1.20029798726873,0.948782170135343,0.464842609690937,0.983444828745253,0.978041943749289,0.903847166615969,59.6742821175268,27.1255613888383,1.81501908643908,4.3705458407518,5.08910129535371,1.16054595068448,0.470438963978395,0.218178324387095,44.5271842881532,35.517323541903,2.37292780862481,4.00492243404748,9.13147862727769,1.37079246334338,1.01903337049,0.154068911472204
16.4398087011923,18.8699654672593,4.43690221068849,4.35397185294107,3.31331894598325,0.895399904363115,0.931279621196288,0.330175966395874,2.61644841241789,1.42564571217262,1.46233656855946,1.02979608483435,0.600332614352097,0.916601986596145,0.999779479487662,0.920478763577156,54.6454464844602,27.5644733130835,3.73359654355878,3.32358837791871,5.46163639503606,0.70667378423078,0.721662246630181,0.37250720487485,46.522634305042,36.0665314765073,11.987889844974,6.14842832264554,6.38933641726144,1.59885822110337,0.592454554982722,0.245668897541753
13.0996808396059,19.0392890572338,4.77063215702676,4.68296520848095,4.22562596025112,1.48893404718039,1.0484955012791,0.259597740493489,2.53599997694043,1.07121086650084,0.915539703506551,1.01236937213997,0.941200697435581,0.938661228469208,0.908127335488831,0.945191449590859,57.6092314160242,27.213381666806,4.87212969593825,4.81970938882175,2.78067545506672,0.899452403184163,0.610483946113403,0.440839738550548,43.1783332739324,36.1473786497351,5.00915028682857,6.88591272067963,10.0698696786156,1.27254286847148,0.834512308519914,0.516576561521983
9.29163771750369,19.1110366406069,4.66112188616757,4.81986897755284,4.70054488064713,1.21404979849079,0.86122140351204,0.196781535830031,3.05746985708085,1.0649308138768,1.8358293618186,0.798635525226268,0.403178604793792,0.970607964565133,1.00895116368378,0.994743463537974,53.7707822641238,26.676719628761,4.29020408624777,3.78086427046906,4.51948484359301,1.34884644974041,0.575939113964068,0.39507781730973,53.6208318322934,35.6608198537955,7.87500484993057,4.94811980175759,2.49543898498525,1.68105871816291,1.16278085625643,0.4353937574169
12.530318685001,19.0500986307273,5.0599107129799,4.08508885272737,5.08740269636283,1.19919880133436,0.850304312526971,0.124610797975766,5.9491000929714,1.11721513317407,0.571881293324714,1.04239088084539,0.933341299818754,0.971140935619023,0.945369844739218,0.944616078813845,60.9402221849575,26.7596383957796,4.52391861529076,4.97713570554316,2.93145580634016,1.04191417667439,0.631671350458669,0.121007284716612,50.6979562206843,34.9387218171593,2.00244796850059,4.21897581355975,9.88435280941391,1.54244724076642,0.93475844987967,0.17448793834706
15.7366640693713,18.362360822726,4.55371758341031,4.25149157421661,3.90556725926961,1.17141878555556,0.897116303038408,0.503171617432721,5.1498508847849,1.46353316354062,1.89816365054932,0.86210379609976,0.147861353118595,1.00605713596572,1.01955862134192,0.949540758150454,53.8812654036497,27.0590129730522,6.68283248245613,3.64204261360009,2.0231004425159,0.774814607458374,0.728906129659652,0.232816765196039,42.3766665986083,36.3311558504875,10.1818253240289,4.62807825944473,7.96400384304766,1.30350433775171,0.337784366121847,0.454724801202016
4.27038257149776,18.3338169444631,3.78569712560017,5.46409928609753,5.60614194757254,1.42425920937837,1.04370510184373,0.204550442120018,6.41112980792211,1.27701549599193,1.44667043837205,0.964811843427356,0.432024741728973,0.907451250875015,0.937540538895491,0.965806277561675,61.2343137779157,26.4653841036003,4.58541709222496,3.57060721721555,1.55218198451838,0.857704844055775,0.434824195076144,0.404176090726063,40.670678315536,35.964116474576,9.93589022601458,6.14573499924883,6.83850684552286,1.54995113751005,0.544042902307984,0.664200895659668
6.13338144548061,19.0340544494968,7.20878129685919,4.28205871839142,2.6182893038401,1.38309203770213,0.705611775059825,0.133306037609962,2.70789888858646,1.10720114095847,1.06509211068409,0.922786291307983,0.813646504383744,0.915147922401893,0.993971838737505,0.955226815026493,57.0755235619436,27.2080429945868,4.34310904010002,3.14812975699344,3.29649042331371,0.996065430479315,0.388358727916524,0.433595473105783,47.3629360375092,35.5295755342854,7.47709295464874,4.79444374812642,7.00696413328754,1.6007998920173,1.05708278535282,0.510814674836427
18.5469727043731,17.8434310442627,5.77922451171078,4.56947479199612,2.22896847261767,1.45373014099384,0.71402216249115,0.446163945259185,3.3263068627914,1.79267395538803,1.66327762847698,0.855221240004294,0.392546975791271,0.943242145249543,0.924843535746671,0.991195959827749,56.6203138720189,27.5153377788711,4.18136333902266,5.18369638357753,3.78095911418364,1.07355544619747,0.464796292743694,0.445736253719555,54.8708472866813,34.9347347933885,6.92779487528705,5.25526078026418,5.09431460682133,1.70043665891513,1.20171172668972,0.332568759150099
12.0534160453455,17.9003151716588,1.27057255210548,4.05909762696609,8.03655275009581,1.27902225272666,0.917434964773046,0.241683849288958,2.1395067046532,1.3884863594523,1.41370982141423,1.00552908940508,0.620423951316972,1.02814711815813,0.947993555536307,0.893038204759524,50.1271172958906,26.6415820182389,5.7718081687214,4.77852123706123,2.2531496320958,0.719386196780323,0.369162076596902,0.30867131174013,50.2638717538868,35.9265315417611,10.846847639601,4.69136732037439,5.10393153959217,1.3638541836268,0.834476410941085,0.487383446360236
1.05367376042224,16.8002142063838,4.51179246348282,4.32730869819987,6.35956001576916,1.26321254881897,0.491124962736832,0.196592633366191,3.20070688525923,1.00966320187502,0.361889381481958,1.0257838536156,1.23738546192012,0.942958757920857,0.885750232871925,0.93583537307212,48.1954212028798,26.3968901526366,1.3874545632874,4.81633094066051,3.78965109435454,0.916582480703651,0.111359101217044,0.310337072129514,47.328431067508,36.3916009398129,8.17601608914046,5.41630420713403,2.41417354769758,1.56541147164585,0.387860364589119,0.380549574370597
16.6953034187201,18.7837476806279,1.28520028510567,5.03724281313303,6.33216024496809,1.29677287346652,0.944471510812656,0.362895650117118,6.82866284163084,1.26554738214855,0.904127709120022,0.93696131927648,0.683396927431904,0.97247531389896,0.952982782747191,0.95115585060107,63.1979389824079,27.0624940768892,2.96430361397566,4.34514564392507,4.62554095505792,1.50026374459292,1.27899322657201,0.336238549012025,44.8784837395702,36.6653864984246,6.65502273135651,5.33918826100354,5.52575094409978,1.27253931404725,0.740999843468652,0.452111420059619
9.50845132655491,18.2182832452575,6.20804717674383,4.70713368190106,4.6478110587991,1.42165702296146,0.975111818627397,0.00614909069052511,8.72621107468918,0.775887054029939,1.41459607435632,0.93169750591399,0.282184880818726,1.06557517011384,0.973400019257197,0.939649196343095,54.5427035274267,28.2412905575858,4.40354042707858,4.40408491338354,2.55155431651595,1.36785499074275,0.695588167767788,0.0512319632733427,50.1124290849469,35.9973520373335,6.85308102181457,4.04383049566069,2.82871704520566,1.43702762710739,1.08991416081479,0.128850814876091
16.7130468102319,20.1784695999187,1.96070050698937,4.76497168952263,6.5055664744687,1.06805965214909,0.667834054308102,0.321082340229503,8.08161238634584,0.926103066354193,1.15810548541614,1.00731687892067,0.476880876174606,1.00852977526995,0.98936000441091,0.907397501184995,64.9428626064146,26.4935335371422,1.64578063516647,3.93423897580142,1.99896169446514,1.05647515304866,0.3807473385764,0.419800278962729,47.0932974492733,36.9889604188876,8.88094291408872,5.80641118118753,4.9405077165327,1.69103225654001,0.340832089083388,0.537850792942206
7.13064027815654,18.6895172246286,5.7885584178244,4.78391876483979,4.551630757036,1.6019498897473,0.671987950264566,0.345755444725113,2.78532873169833,0.693605032294247,0.65974987771609,1.09797667289583,1.10589966595874,0.990339190048461,0.964153832230969,0.856686783625642,48.915067702418,27.6332629223753,5.88458259786389,4.03328335250859,3.83959143196592,1.14193289583726,0.276057742682555,0.306736570046889,49.1183477777294,36.4149793116397,8.23125631662447,5.09066253276654,3.68628435073167,1.28567941620755,0.972949576887541,0.36320140626044
7.68245882659729,19.0332903581809,4.95632636996959,5.14400538018072,5.63779069494816,1.65020387099686,0.677991275604665,0.433431047823501,12.3886718259907,0.772818636133788,1.39323339038526,0.98681298468454,0.202510201364749,0.96290864215495,0.990745584626101,0.980448390764716,53.8935226430141,27.7798747688586,4.81038203784324,4.41649841613086,4.08556873732255,0.8898689685179,0.544548518285047,0.0558633294621675,56.4297050249536,34.9014453493245,6.45699548387561,5.45361575876094,7.64132023353703,1.53797788502683,1.15249727350604,0.44163954550729
11.8925205393113,18.6956718486783,5.11337453886546,3.86295249304247,4.7123770999633,1.29183385769047,0.873910189640878,0.438086091136356,1.9685477728524,1.21795457247621,0.0359163236665112,1.09390754069612,1.42646725651247,0.928858769008707,0.966624313788913,0.874544317013293,58.3556796091674,25.6411086761779,3.38926049371947,3.92696173004873,2.65593367537677,1.15099488910261,0.744689111080514,0.163069961458382,47.8774861830543,37.3318787381004,10.2314683653869,4.37097324965495,2.29774611558597,1.75939765835723,0.893649004675078,0.0582626993800328
12.0702361905472,18.0057326701108,8.26853672055822,4.66961780204017,2.13986903384842,1.44686875296501,0.778037429167476,0.49989050376407,5.66051134630732,0.867722768822089,1.10331727725729,0.930169487503775,0.646988606665508,1.02077537309684,0.93872673092444,0.974667461750151,53.3174916695842,27.2910765083182,2.98272421071839,4.08574420688986,4.74306357483882,0.665226361303346,0.562889106838252,0.0103736035711305,50.085073802389,36.5859558385832,2.80539337160432,5.10857508878369,9.5012185812417,1.6609743175581,0.760393619699199,0.257501188017085
16.5152937223915,17.9019773834427,1.52984690159625,5.2787537496881,6.57887757664044,1.12304894413712,0.872970539138082,0.189077475701532,6.96446533952455,0.76110257580592,0.287178477394709,1.03600355247388,1.11158392137169,1.00547953808548,0.982119366172269,0.977250513226338,58.7425541661103,27.3094342775128,4.90906732328878,3.44447460202106,4.0690358076901,0.763131808522692,0.755072735725425,0.00418098531877387,51.1673700883804,36.4334857124386,11.2545573191845,5.43121546223336,5.90469219391305,1.32924326127303,1.06026251305264,0.901405367386698
13.7096000854607,18.8268738273368,2.72990951965117,3.63402520830412,5.18138991082018,1.31681057145575,0.613740255123721,0.212540734774515,9.36953798524661,1.22782160219259,0.49430256681855,1.11113076349339,0.863685693828473,0.95968475905715,0.941458818773299,0.894942353537998,43.7412567491071,26.7868768203415,0.258075186809257,4.48933570437506,7.6764980000374,0.903565591059361,0.455017740824237,0.379421817269677,47.7460185458158,35.142111110402,8.38577974154971,5.65345572488414,4.39574598274062,1.57873902202157,0.889928409957691,0.465010524576648
19.5910264683121,17.5548917237549,2.91632089121274,5.00306027965225,5.58211028383294,1.45269254205497,0.707268117571913,0.541071704986439,0.880995027236531,1.45952524084073,1.27674492133392,0.923189417753231,0.726752124557097,0.840521375831003,1.03530804856054,0.972720629661376,52.4979728737398,28.151284794437,3.2123178124696,3.90081128270882,4.96124101190221,1.07790885396218,0.483094322841552,0.272025450674161,41.4389846738449,35.9947969466816,8.07293638950292,5.29013941874692,6.63674751509515,1.14170478888296,0.923170172565139,0.28350961637202
8.82419930527122,20.2297093192474,4.35697373664037,4.16846100002478,4.72789242587717,1.2751933205969,0.690866685033652,0.157678168207734,9.61597585723502,0.721262014301535,0.360682102792558,1.05020939579715,0.938801732973072,1.04945053090422,0.881648224905419,0.926049802141484,57.4936715634435,27.27580295119,2.31322206822152,4.91142655853467,4.90253073564481,1.00672299269467,0.568971007298357,0.0350590777626545,56.0431026053743,35.0515705088599,7.67872347247988,5.0478788611727,4.54918258696718,1.57807400887415,0.559426915824865,0.192680812563523
14.3754657189354,17.3553036082307,5.71728494575132,4.28434653509893,4.62518998422352,1.1752448047981,0.895701484223313,0.371714961909733,3.28236850386844,1.23447864431393,0.362086530503233,0.966201249631552,1.2451759183065,0.919166314885982,0.870941453720115,0.97622998102525,46.4334445369697,27.8809870792516,3.454832358315,3.9745283607721,5.32576765084906,0.631978559861235,0.542865725646923,0.159001981844931,54.6411911436302,36.639721515522,7.45264034163464,5.52819188582307,0.794786684828682,1.61316424413264,1.07244389071409,0.196231451384039
7.60598524274458,17.8091639106636,3.675596384749,5.05783504156864,6.73719439563456,1.25842072049091,0.302089502649649,0.467832517760608,6.0132422962727,0.853930852519397,0.87263306796721,1.01614433836861,0.774113272162065,0.873532591250586,0.96761296066308,0.991215076060599,60.0991033747248,27.0470787471021,0.798370478390725,4.67854804420025,5.35192427995083,1.0337730472434,0.374338505347194,0.178785538377402,57.3068221401073,35.1588023365982,7.31922893018315,5.80628334404952,6.80098548388751,1.2671757119431,0.640424766575445,0.655206898326962
16.3610056712896,18.5346642955122,6.28467347882572,4.71865123176291,3.1787635759823,1.25101453574631,0.937465851367553,0.309690496188008,13.3344885630588,1.13920557056316,0.488123579074783,1.00376532088249,0.630196633092204,0.998913338859407,0.935327579498806,0.976016349004777,54.4884356966288,28.8652509131514,2.46329052926534,3.9153575192726,5.45906745513904,0.951235200677416,0.780204031033223,0.27176731140019,50.7725586340735,36.3313091099982,2.51843432436957,4.83101467053073,6.80475428710503,1.33738472581493,0.772482978563424,0.351687044812269
11.9414108698853,18.2407766183623,6.19210978721061,4.6410361235078,3.05510260734936,1.12447064716162,0.878221432290217,0.0300922329571749,8.45325712743798,1.02898450536634,0.927288210978961,0.923780871864327,0.641609539998846,0.924026267714447,0.950404237853929,0.955620719038703,51.431565249228,28.1291326261271,3.16535608938425,4.06258521047515,5.18507983066713,0.950824951573768,0.813359222005113,0.292717999954283,56.0830374051076,34.8512597191842,5.66220725338136,4.55063819055377,2.8349341949641,1.39585927499404,0.83909211045154,0.573499738637317
15.9000711895618,17.3577268679412,4.80206873909651,5.50378242368439,4.35544810221814,1.18852993138844,0.487655582197037,0.194587422802164,6.61292052398919,1.18836813514501,0.751702333478047,0.998931726062721,0.756787048828239,0.962619742143072,0.970779369064098,0.939149956805791,51.9760607114712,28.947140181813,5.1142249101776,4.49703882949306,3.09799869884522,0.771611061316139,1.40857066992126,0.186833322228375,40.5141996819395,37.8951102830425,11.2003865972609,4.82149804573517,6.13421486791531,1.68454854860345,0.919457986001618,0.501139324413172
16.9711018959586,17.8176100079638,5.95300557565239,3.67622493437392,2.40855263885785,1.42083138248566,0.694890317501683,0.138407204801275,4.93201902626645,1.09749409000552,1.24260301839877,0.89069440362385,0.655674958252705,0.993205679746695,0.922198530045685,1.02149367042924,70.3411257862508,27.1758566477592,3.50442964109213,4.02953047472566,3.40845703645529,0.875356558612453,0.661086684344113,0.421964879028696,49.0806001607723,34.817168061219,1.96147127197865,4.80392824952023,8.22478979200518,1.34991090261794,0.459502162243124,0.344340338474682
14.0529990784156,18.323402001725,6.82160304555489,3.51996867587341,2.7392271439987,1.4417011262204,0.592800243779058,0.352866825207382,6.6313026716506,1.3184293572405,1.66438110683263,0.846202097350673,0.245959588770838,1.02819724105394,0.917502103442128,1.01557951813277,59.217270854002,26.7017139988242,4.72600357456158,4.34335552027371,3.57967450162071,1.23743030327921,0.570431326012765,0.303974581667999,50.6084908502477,36.0280426694345,4.27210837166155,4.60983542392458,7.23586858506739,1.46216768656876,1.05924670121429,0.230489977686413
15.7623444737764,18.1300547581005,4.57066043656249,4.40700691593982,3.6289333886668,1.65228636140042,0.542095409546005,0.381271181319409,2.45878020197334,1.3647528525388,1.6547833599417,0.884507150395104,0.480817515237425,0.960264624187485,0.922928954490039,0.937919903484326,52.1834177253884,26.3842751701078,4.33300255126573,4.06281496673002,3.13325942243002,1.17530118353341,0.578821012988191,0.339700668777927,44.1567532218732,35.4088299522175,4.90307985408987,4.72483277564149,5.76208312976883,1.20552854733674,0.569815560540784,0.387115594104119
15.6121362139822,18.3239773929971,5.64443399494444,4.07169000337347,2.28662550467881,1.49068437575631,0.776823113705695,0.544638969750437,0.126414908275127,1.17602350957654,1.68782992506476,0.871019987500717,0.613831333698141,1.00291375670973,0.929895220953895,0.969108613768707,53.6387342803322,28.0118736926584,3.19719266866888,4.15333069136135,5.04819766467117,1.09273552051075,0.463246229482768,0.249116913491049,47.7704005451128,36.2444691992878,1.48300304278064,6.05793820743897,8.07093299170335,1.43798005878409,1.16984908555345,0.396174579054793
12.4808493481065,18.5516857143404,6.49418080865629,5.74937262980433,4.02410106797544,1.29451098666707,0.844128518401402,0.273326325789557,5.9496093050931,1.1842338157383,0.145702424825556,1.10948942614943,1.11784994094699,0.911053480011355,0.987809600283129,0.889087746732324,47.2272956734049,27.7414179372881,5.53074110430479,4.65005802833145,1.59539073230333,0.6318044102247,0.420716815391219,0.149190499525548,48.3451421147461,36.4180914085269,5.24904835582292,4.94012694323985,7.41149860478555,1.37787529263649,0.563451777604038,0.546949976168269
16.9004129446918,19.7180328995462,3.3946448287508,4.32822705786961,5.89231749654921,1.49516096661231,0.818706478818615,0.50743114694866,5.53393527672697,1.3521270599915,1.13742735743624,0.929328190830043,0.630263865741407,0.944290918413296,0.849919076333346,0.984794006720084,52.4240617690204,28.2085399383735,4.82733251011535,4.15954552987278,3.88433193765235,1.25338501912002,0.473915253119895,0.18752107385369,52.2611719011499,36.6761225735634,4.49934236116223,5.47410141461357,6.88738667331446,1.46828760727452,1.01822299620638,0.320305591314802
14.0204302102325,17.4321812924565,3.46625758624531,4.93602569613061,5.60168442161258,1.31123335825945,0.86983044120118,0.396471477255824,3.89334732422929,1.44687283050483,1.7907527716523,0.901960003705449,0.341865553510278,0.953868786229053,0.963084452199248,0.936748729094767,46.1771882968324,27.971154259099,3.87771218385449,3.40329681632372,4.92409405393254,0.876772466049814,0.779968667047772,0.354525031812743,49.6233634363087,34.7274492266221,11.4376513264625,4.59492574633679,1.32748502734636,1.60366558369903,0.844665712969595,0.476487903777416
10.2548827226072,17.9001435661354,2.44268359361671,4.62274518229085,6.18312700188706,1.27066999953736,0.870540964898546,0.224069097736071,3.89946279097766,0.599138002113664,1.03642546721431,1.03807159395916,0.846497027357596,0.946056738725205,0.979359314381743,0.934710035043135,45.9042438995627,26.3065858787561,4.10215486803905,4.32951638814855,4.62270035691497,0.714922356602032,0.675473014047153,0.0521466280820767,45.6166590912675,36.4117781862695,6.00672582740679,6.51601132520004,9.50934160226587,1.669064113507,0.318323621615598,0.547889984064366
5.92380796691183,17.6765195639326,0.836590118801393,5.39904081035007,9.45603707869465,1.26998679916821,0.72898313216928,0.178107777046318,6.30738653962052,0.869368415939791,0.973975771759487,1.06332351474505,0.751990571428228,0.964371389422902,0.941569378546825,0.945044752115105,51.9881230428631,26.6640568964563,2.74734686425642,4.24480260024065,3.89378067217648,0.923188289427825,0.576214224670031,0.0362568057797892,44.1710964216535,36.3751472117472,3.83908123295816,5.57645618580401,11.0196706221952,1.53484709626252,0.865673979859652,0.480012315152146
10.6599222382736,19.8467022894175,0.708848014810086,4.67907873384231,7.38237137482932,1.13465714541764,0.593305223857182,0.389164620460031,6.50151376166102,0.807251720971371,0.078293496316267,1.07010924877645,1.25292726794009,0.925241308866022,0.979843503591006,0.903870241446672,46.0612997745357,27.7612145723824,7.47761966665482,3.68975450775355,3.02444753529914,0.918659591954472,0.764893809244983,0.174850787802241,39.7448966242423,35.3480480211521,8.93677027746881,5.64932370449653,2.93031360554895,1.51681298124132,0.763401560967527,0.902740709427488
1.3833795875693,19.3323526483776,1.1954463876692,5.06645990158237,8.53287714782262,1.44127080949708,0.780699873976774,0.121866179341873,4.53985684955745,0.76229738559254,1.13265947900013,0.957801424940918,0.692825126623098,0.982213433317626,0.990418023259803,0.936514816572766,55.8392786688532,27.4072163607265,3.12606165291542,5.01469512631518,5.34303640269319,0.973980201953998,0.255526474724948,0.436147617376946,48.1543414539602,35.5426660818022,7.5338233408612,4.96723324569821,4.286721295603,1.29882002358923,1.04212967996724,0.363029794504568
