a_11,a_12,a_13,a_14,a_21,a_22,a_23,a_24,a_31,a_32,a_33,a_34,a_41,a_42,a_43,a_44
0.825695249537931,0.296401559175659,0.0339727724355937,0.0707336418858899,0.493586143634082,0.623506096439756,0.321291788582059,0.339402586943163,0.103215745000284,0.0221893983277343,0.832744240100139,0.0126882468421028,0.0888321224560153,0.0560844818636378,0.0219362888710022,0.865812027476996
0.605165962211245,0.159885050183756,0.128092040493762,0.126116056421681,0.319926448643948,0.774628691455355,0.184281010748131,0.272123795343258,0.0358031100432965,0.0570861573600555,0.929623507417327,0.0305472584840539,0.0951305032830649,0.111159561488315,0.00935287020010278,0.893070132251643
0.915973761141112,0.420744923904794,0.127852323169093,0.132140379919695,0.304953025073438,0.676694165659332,0.131005202247119,0.29444740243436,0.0545373714125098,0.130745995414441,0.845624817132667,0.00952916312757432,0.054389138285039,0.0118148724230007,0.0264273818815067,0.900181292462765
0.842762396501772,0.417520997878629,0.0806900165751045,0.0880652478720988,0.258413349613987,0.76428333855582,0.136525075456364,0.263894508955895,0.0348230941858326,0.0870817315553573,0.933193833136768,0.00423878667879607,0.0599701453523561,0.0479959483777474,0.0137877760983097,0.72941888881628
0.872539459492576,0.155896185455189,0.131373347690378,0.136728111016899,0.377113621365302,0.66387836651834,0.262563883006688,0.309314574341651,0.0357498348227455,0.116473664950129,0.877348317921714,0.0382672622634373,0.0735620729503355,0.105511592766082,0.00846725772235725,0.68173717108628
0.789287668277141,0.257355777822148,0.0795458289732835,0.126531012943814,0.269800180140101,0.685285042387939,0.27551437438389,0.249321167857244,0.044842943410566,0.0543003295440495,0.903762534203015,0.0456227275847924,0.0849529456742012,0.0839235714021066,0.00363184692593429,0.76962282176264
0.871113069933143,0.393271667501613,0.0856699634528413,0.172439357406868,0.360837475845724,0.748616623619966,0.128207346941353,0.283459933462727,0.0737955715753888,0.0788881053585909,0.870773866510088,0.00364550923884673,0.0168370523378335,0.00540650759624546,0.0224812238251488,0.810355385672959
0.921227791588267,0.384976052719826,0.0847426474925132,0.171345371504843,0.545230250692641,0.705781778584057,0.150566484552596,0.307946395862607,0.0312856365569978,0.018833457035305,0.970276979266047,0.0366332462212189,0.0855783883676055,0.0763715617571786,0.0285468655802675,0.594655992205812
0.77836078930388,0.175364622470566,0.0969950253685728,0.0906372999090545,0.289175640888034,0.757896990925559,0.269559547223063,0.186757669420142,0.0524190587058976,0.0634493341713174,0.901624538313424,0.0131988270177696,0.0454075096223455,0.0741473359624952,0.0158345289667854,0.892841174192027
0.673563009417818,0.267960684404737,0.18277691005124,0.128960040561104,0.312406279196694,0.65442978688343,0.240343338841685,0.2037483718558,0.0600803675149899,0.0401178217244236,0.900013622772269,0.0413237277381231,0.0639828353985547,0.0484062668812093,0.0139699719573533,0.925004685729978
0.733469628395133,0.341079631198099,0.119873585548057,0.0998737521556975,0.246343516317454,0.78403383883909,0.121546410155494,0.226869286486837,0.00936698556007519,0.0477575473838747,0.840747125014311,0.0142152357756758,0.0720645748056298,0.0140040566546661,0.0125656416856723,0.86243440203348
0.83517736852378,0.371277043854894,0.190698589043991,0.147076812386752,0.533731264452383,0.625181734195131,0.23349478358394,0.357693643203724,0.025784142728794,0.0508560569253363,0.956771305637892,0.0295549937822153,0.100793710025612,0.0608880803480355,0.0294012120628333,0.774316644232227
0.812523704289626,0.163348256967714,0.105647858306195,0.0620154813320205,0.397378098407395,0.720344701132005,0.221979481641463,0.232990924849343,0.0609622789001154,0.0742272839472794,0.779536423759037,0.0203936604599646,0.0503669441966589,0.0824942941233024,0.0112151241684953,0.867575730050712
0.674906548193738,0.270846798368058,0.0991160532794266,0.0372023507213398,0.272386573706442,0.765070459633943,0.24449481006231,0.130485501339724,0.0715049794541313,0.051549566612236,0.875796365069202,0.0337068757130358,0.0740060542851704,0.0735122379824023,0.000588469006571023,0.886148860424624
0.906864771211696,0.139471384293401,0.122827348065032,0.0921340773914044,0.308255854508405,0.755657082370787,0.21664156268499,0.216763828273998,0.0461131129840805,0.067740546219985,0.941344064012081,0.0145659572345148,0.0212202489758201,0.0941548249138295,0.0178975049959814,0.887477289204085
0.66716700798637,0.326140869377244,0.0668887720196561,0.0983618267508803,0.300782909953334,0.70384859240906,0.300091929417749,0.261614646252094,0.079976795365063,0.115842879740255,0.904261352990984,0.0156801637354667,0.0519993388430098,0.0684796728860952,0.0101439870926866,0.895093012642319
0.642339323191201,0.258308831930426,0.144975326749101,0.143451238253556,0.354486517510297,0.718987845194603,0.162323233339299,0.27041182294358,0.07539976426595,0.141813318663935,0.920929435625449,0.017212271473678,0.048051620814088,0.0458090886487195,0.0140404775563324,0.717114920959832
0.892522993313342,0.188711197241374,0.116219453415367,0.0360362338755581,0.2975308646536,0.703583237208887,0.228921884883603,0.268007586906162,0.0313656875904925,0.0526598661131269,0.856252371320921,0.00817871608235975,0.0545298967547252,0.0541641212424482,0.0204515201734882,0.801567524115338
0.779681435281476,0.344314781828314,0.129269848393874,0.0793741549668536,0.324368247614257,0.740839336715617,0.177339982593007,0.190166655884694,0.0368261178953763,0.0440319127128124,0.838150366546759,0.0268459613252427,0.0789620092158,0.0330344069795438,0.0271947572470105,0.885692777166976
0.7700152427219,0.273188213919589,0.123843250519383,0.084579213225205,0.398035575463815,0.68560690175238,0.205750434720584,0.235287801655671,0.0647738790833944,0.0356056285483009,0.935230760406356,0.0305330305299567,0.0932360095788156,0.0408352103464195,0.0299951005817896,0.853646892789649
0.791464565662934,0.289676878300104,0.102765662544252,0.134362170201435,0.375676220518725,0.738673643519008,0.228535783594171,0.223993830095839,0.0545616642722584,0.0801394082582366,0.905282066209212,0.0188546731396312,0.0750120772380359,0.0359871104643558,0.0120306445745277,0.870627282097264
0.854290389923045,0.335812034012862,0.138609552686964,0.106249721073569,0.437224376051939,0.674071138189068,0.279119069973524,0.210140967561212,0.089331229558967,0.0988802874817503,0.801942654329082,0.0212213138468668,0.0912130017791872,0.0572677463131655,0.00941733083634961,0.912525498218086
0.86061395807085,0.279247059775912,0.124355599440775,0.126810577770378,0.476136499658945,0.700490678956625,0.235086908976039,0.189088582224686,0.0489901335187011,0.0409475522549954,0.948160188482274,0.0208345483239932,0.069425325839993,0.00961137714231247,0.00917905252031791,0.848769440607088
0.781780012863986,0.306300943989649,0.101280555878771,0.147807787136624,0.368059911818999,0.690268837766274,0.249121435616102,0.307318813883964,0.033596674594784,0.057712864032564,0.884922846299345,0.0132705002664753,0.0855012920418305,0.0580468126051616,0.00596498280901667,0.919498441436558
0.803747469287157,0.386962139262218,0.13833418817132,0.105661776115064,0.446750258987916,0.628568655464895,0.232069520373906,0.164032247573263,0.104046122040445,0.126784047014083,0.800299007489464,0.019694514742096,0.0572838432560176,0.0616290307272075,0.0131686767197417,0.707054979420043
0.832364736007501,0.233199185832304,0.0905409208992034,0.0878455362898193,0.310119755416132,0.807395128841369,0.151052257237574,0.20571925462758,0.0366918703611878,0.10495332332828,0.833405647441876,0.0137080252498019,0.0774213212084278,0.04657174762454,0.0148942249479388,0.865361402522149
0.528577422510872,0.177253607016758,0.170983052837923,0.197066205265238,0.40169689149888,0.690669450027188,0.343346287753485,0.217400557704107,0.0466084586648961,0.0541774696782576,0.956305382256518,0.0327265150157588,0.0994704597791426,0.00986820733697221,0.0054590171386905,0.791670912945789
0.634209654378882,0.304596415365092,0.132109303765779,0.124597702114206,0.342340281040317,0.659056362299334,0.233911882965444,0.359097914244257,0.103540941069345,0.0918630374193898,0.961997846126769,0.0393427789341286,0.0287142568264517,0.0491610825539836,0.022526926522033,0.918571361915552
0.633337629653784,0.375573030618078,0.0609601035743846,0.172221845941268,0.52162771912878,0.619237031703191,0.246076778723835,0.228748585253038,0.0864596235872298,0.0878261162155485,0.762097343500447,0.0271647674548408,0.0490981265705524,0.114469815262101,0.010071039514026,0.705164130393948
0.857587677741562,0.268178178222458,0.0440155258252035,0.120905391950153,0.288890900116231,0.728808210784667,0.273842994634796,0.2702523274513,0.0914191392469615,0.0807192379966086,0.85164957024787,0.0323289209002839,0.0669339299643992,0.090586465798688,0.00883285891047257,0.726842368622163
0.789424856075107,0.348713004394363,0.0784573368518093,0.150942775895175,0.261044639956097,0.734628371991265,0.241166083587648,0.194095058713756,0.0537119899783054,0.0717118443939913,0.885490313653547,0.0416456940229988,0.0539110972732385,0.0572442876180622,0.0112807663244257,0.758494682494945
0.825695249537931,0.296401559175659,0.0339727724355937,0.0707336418858899,0.493586143634082,0.623506096439756,0.321291788582059,0.339402586943163,0.103215745000284,0.0221893983277343,0.832744240100139,0.0126882468421028,0.0888321224560153,0.0560844818636378,0.0219362888710022,0.865812027476996
0.656716497232742,0.285662604529447,0.0250676555984355,0.0770687730146469,0.525638250136038,0.591155988858421,0.295532229337519,0.349595107529813,0.116204475175655,0.033804537620584,0.801039346912283,0.00977626997590781,0.055347461896684,0.0393691101403798,0.0300476697931694,0.71222564817888
0.620096501115299,0.30464922796048,0.106475636679032,0.107776048123279,0.346512730178934,0.684440677767473,0.304710698913213,0.277426618043584,0.0794086291906304,0.0651423317961312,0.933305842294146,0.0270870928331892,0.0963495984231094,0.00914979381147191,0.0266514866017658,0.82651666308712
0.742186160273946,0.315485024981337,0.0896027640852654,0.0847475894409962,0.274422157345821,0.707534684687839,0.320172387823923,0.283208825837062,0.0483953485287887,0.0751955043405639,0.892044582448415,0.0202499489868814,0.10488709676009,0.0240141355848301,0.0310861380285129,0.847138594259057
0.894914720732551,0.25122823280893,0.108904314830715,0.0868277732502522,0.452924992660914,0.694321968284921,0.158148194491924,0.269671078866437,0.0749793577094833,0.0322986670604991,0.894140787617335,0.0230534887459745,0.0873508841993244,0.0287989975227079,0.0257675020005856,0.888814272355867
0.894715734233311,0.214903802056561,0.145232586706258,0.0902075777767325,0.331794139925347,0.730065048213229,0.161720990610932,0.159032592434266,0.0469795085369856,0.0388057314847815,0.908281162250136,0.0212633085850337,0.0703315378938991,0.0806423185971178,0.0200973815021907,0.921642748317785
0.797309514105999,0.195532091455427,0.156502948354024,0.0780534013879061,0.361557524388368,0.721498308091933,0.146363395827138,0.214996367781249,0.0424019513572728,0.0145263367998153,0.872209334123074,0.0293371991288991,0.0734734486292931,0.0672322889666057,0.0123286922421034,0.873222937517859
0.723059715512853,0.244132383469194,0.143752787450931,0.13892558782205,0.34947685109142,0.793970380683275,0.197549979770075,0.252463816998641,0.109833579732387,0.0813107307501041,0.872189121284335,0.0322287265277264,0.010142114553905,0.0630813290706237,0.0240479599378444,0.920213955289048
0.699053246754292,0.258616961475308,0.183709748548829,0.0946721172396686,0.289405409683958,0.743179216602612,0.183870085290041,0.228160711649755,0.0363972049204911,0.105112275244473,0.897313580585842,0.0255295082053159,0.0706868483519983,0.0487972658206704,0.0210873687204531,0.725790292862886
0.769962492685108,0.283384543303012,0.0783441632946791,0.153898662738432,0.273973956912745,0.777645536349416,0.227296402682914,0.249212721951285,0.0583604901114825,0.090635762093737,0.890624401504842,0.0164113107215406,0.0548372614106618,0.0385617153745921,0.0219351222527741,0.867150849964802
0.572052127084957,0.291334633910484,0.0362517597317612,0.0387335107331023,0.269931466562301,0.692779831792129,0.308394788674836,0.301426167985654,0.00821477342894767,0.0618273463419122,0.831487722960409,0.0215111893075931,0.0647610113416925,0.0594367759484229,0.00210978987684846,0.803797944514371
0.823552107992111,0.386130913671029,0.103414997982814,0.115780414019852,0.350555484169438,0.731626331657578,0.273980054811119,0.321891382965063,0.0778992741821022,0.0703379303542125,0.904690538853688,0.0255924808449619,0.0856593900437289,0.0742893032640623,0.0206747899217641,0.80731248528243
0.699673357936413,0.070339404598661,0.153753126675854,0.113958094660094,0.340988110502175,0.739632128167507,0.199350826692611,0.293978443336738,0.0360473070793428,0.117744558296398,0.924030159919415,0.0326544385852315,0.0891228757219124,0.0732280306591076,0.00863382352429776,0.729909425143623
0.657728484787693,0.16321464531661,0.147201539718188,0.149232386799375,0.279347320189858,0.744521136293413,0.235855543829919,0.299553160092453,0.0359941889618941,0.132024120199712,0.858193756761361,0.0444274696532463,0.0878875185177685,0.0913383857896279,0.00752504188626522,0.76924888815646
0.704944764701888,0.210798657080294,0.152333695864153,0.15510481560486,0.279947387999578,0.702781661647796,0.213481886059239,0.216435629497899,0.0438900436445325,0.10576723049261,0.965897991441662,0.0285651731171381,0.0900915582918061,0.0745783198846076,0.00816133647384025,0.906415725145045
0.753642982440574,0.34474186308359,0.063724287068238,0.0953196860650204,0.25576463341343,0.739773386755677,0.230545870897152,0.361707121225278,0.0746592479492742,0.0822555041171336,0.878709697391007,0.0334429873944099,0.0210166567724088,0.0886353796985317,0.0182238755600552,0.898359721305668
0.869848443661717,0.324237960085544,0.114412049999736,0.116649964180367,0.292855369392483,0.702030646647866,0.234649805506589,0.259010296249022,0.0871732854273426,0.0873096564454233,0.828576578210936,0.0210956380033091,0.079481007125293,0.0631361348887128,0.0089523974686796,0.756668521312215
0.653208343642331,0.236418926337406,0.0642299834961738,0.0930486824954956,0.228065266167352,0.826505497656427,0.209362526398405,0.319130522397039,0.061644032438268,0.0649263003364012,0.921105559821593,0.03639813986098,0.0202322378975604,0.0987982894251962,0.0196463791390541,0.877736221450146
0.845564963805563,0.249601481268139,0.0947862925687066,0.045418092461727,0.237393080881118,0.794536146715021,0.223444105027761,0.364191498532675,0.0367625783685434,0.138919774653614,0.775046868866771,0.0106658941778426,0.0622659889979098,0.106006386709809,0.0284393901217766,0.655665595070637
0.822553243036824,0.300281114261965,0.0457302154893375,0.109150963337805,0.241708228063208,0.704419374488735,0.233965994090176,0.355636168083035,0.0396050887625926,0.130898536380231,0.864965083698135,0.0259257260028442,0.0476945734333229,0.101627718881759,0.0218340001442327,0.895314363281799
0.846196071996234,0.292561485334785,0.119549533378537,0.0396169207994526,0.260815339028832,0.657388839302277,0.257209526154927,0.283159589574926,0.0159185115091156,0.0869900434706641,0.915808684130078,0.0141210028589908,0.0715882132968389,0.0634899708845752,0.0175130282628492,0.843962473100421
0.893270833399316,0.306426557709944,0.0716207022486363,0.0273866462907324,0.293215593747834,0.7028505520345,0.270493775178621,0.297861406807154,0.021797485408544,0.0987443666047077,0.858125755733176,0.003074940209856,0.0777336772265914,0.0729049235519213,0.0261108452925317,0.759478324889389
0.821836494370387,0.0988852011502284,0.107454114805328,0.158908281222583,0.348165591277223,0.702685476302052,0.333516739859417,0.165673211581372,0.0350694820265473,0.014208701434209,0.831108212307338,0.0179554509406585,0.0560011888430338,0.0321104568862831,0.0168425760518543,0.88088222573546
0.806077565691747,0.387508116971122,0.188511858355297,0.103129254207439,0.271389092275309,0.791065863679571,0.299025661702317,0.229039913092999,0.0908924030095712,0.0937360096910759,0.828397100377311,0.0189271955725408,0.0341871440470722,0.11460244634162,0.00673107866784707,0.811677141112509
0.745519706258614,0.334188764514605,0.119350100380376,0.151098620016701,0.349643463966738,0.711163195730061,0.24959517787133,0.283145315340785,0.0415757834892412,0.0362662797534266,0.877429322935297,0.0111070414042875,0.0963657559164886,0.0522222801775031,0.0143198559539827,0.808156206396442
0.648355299142468,0.231565040134558,0.0949363997268337,0.153264177159001,0.317278532230893,0.774038205163233,0.245950897616402,0.184276434977252,0.0347975499073781,0.0373247064093252,0.947060947417222,0.0240235279394156,0.0725246284364767,0.0764631590930333,0.00200636726446575,0.841268715438769
0.843309516523864,0.240913231800882,0.0994119782495237,0.100781771070946,0.306646323282914,0.721932961960845,0.23574188367462,0.232167483961901,0.0289839955314616,0.0243885715866697,0.933926658295577,0.0150204625159382,0.0806691242284492,0.0761019146606229,0.00318329479654024,0.903182724211108
0.769950538038512,0.245308602131647,0.13709094917467,0.0928021772223554,0.201684729293993,0.809884609806711,0.1168256387522,0.214100299222668,0.0372654736515628,0.0132765222021691,0.883542463879825,0.0304358494357921,0.0205898761418931,0.0966381887336337,0.0161247015388303,0.504000062348974
0.739994899109934,0.351602898818052,0.0406192883762746,0.198138115499969,0.451052581102809,0.704481628777855,0.217799531707769,0.135310298997989,0.113716225074998,0.116464682381738,0.758655375821189,0.0160827834917355,0.0254207708057999,0.0990616072130633,0.00355988819657203,0.699021076335928
0.685673520847641,0.34898513509439,0.160292212376943,0.0685270214538909,0.49001087757102,0.649673720321928,0.224661529122209,0.249655321128051,0.0711272525608991,0.0921757576505529,0.944962595057099,0.0246011514059981,0.102148363448867,0.0646047974903749,0.016310972083644,0.773926265696166
0.62193576100814,0.258799470411427,0.194695723898924,0.189905527421202,0.423686638198845,0.712274539737741,0.285508396173509,0.157207241537878,0.110002726876355,0.146005944622504,0.881468060307381,0.0249300044794559,0.0982481157434742,0.0151865994681804,0.0153707893311769,0.72527334664175
0.705660714128652,0.228128204955859,0.111110902414301,0.18503708526871,0.441050257446532,0.677099914458076,0.296376473118857,0.221189071659798,0.106221224087136,0.118218021163144,0.830523822373336,0.0201979875277272,0.0811627281201777,0.0316296768632363,0.0117964985877366,0.657121251186627
0.777912138998479,0.214529174091995,0.151943027297893,0.122640008535125,0.460515415351277,0.593402356347229,0.276669958116547,0.134845282894975,0.0528020968444213,0.0654146032199889,0.856391097962289,0.0252281531030283,0.0897791856722523,0.050177409074994,0.0102886427489057,0.890925089895361
0.833472833350596,0.223633600114291,0.117976191112946,0.150700452323449,0.292939721322851,0.754943282966564,0.201937035660059,0.188191622756614,0.0725313450635394,0.0802236120227076,0.857373291959888,0.0175842076701479,0.0588688869850831,0.0555136045852608,0.0149451041627776,0.87376410251631
0.800853195574652,0.32871849862567,0.0873427580433145,0.0638267155559228,0.236525885859808,0.77499840417186,0.164586989628962,0.280120676077347,0.0128998077220967,0.0923828658740226,0.968348152884469,0.0137066972410557,0.039161163546628,0.0556993954269939,0.00504140076987767,0.845723748104465
0.853018806063782,0.235786586238526,0.10741632007334,0.0867111584553696,0.370381236965435,0.715782806134761,0.141464095615265,0.234688236855604,0.0549075841457765,0.110471737220791,0.85949449431325,0.01645577463899,0.0581358991099559,0.0684147024920844,0.0130264552714365,0.844644599191338
0.868743760814633,0.387700481775764,0.0929455601236371,0.184846783912647,0.274302933335311,0.76325281438578,0.258232039882009,0.219451645894842,0.028382510843506,0.0530080651574406,0.953466159932674,0.0468780244555613,0.0603340360842503,0.0273197431771635,0.0156120184289545,0.773792540064534
0.823920772977063,0.345983000919949,0.040652953501383,0.173061639223868,0.30555505377147,0.759057530556198,0.224721052978028,0.163066803351915,0.0254014144286821,0.0725570265378107,0.854565833935024,0.0364612734940716,0.0485060633349208,0.0212939828463061,0.0148050912762659,0.801453944614615
0.751323374795717,0.266203313355261,0.0825989771971142,0.0548082034688699,0.242632918794674,0.771944741826059,0.233632534912616,0.151950065580268,0.0423374776126316,0.112177635820218,0.969638769624662,0.00400608450928287,0.0564037601968437,0.0882776757204266,0.00478840754165214,0.695110858066239
0.520287951843998,0.256165650660658,0.129893743584271,0.113950443962125,0.245744415255041,0.764556536048766,0.292493659983155,0.124265008324989,0.0213136168574813,0.0259630920576332,0.870378979192645,0.0470337248080679,0.00927603724758059,0.0885581830082453,0.0215236040604927,0.690549529776147
0.836852166580229,0.205983892132736,0.139108345792613,0.105933271487074,0.290409936511443,0.775125045551117,0.220272906155379,0.14651195756293,0.060049222833219,0.0194451025331073,0.90492668310205,0.0271712760778205,0.0306028219272568,0.0797630647659399,0.0280596014191716,0.794251991746737
0.811670961242896,0.191468294502376,0.143359103835554,0.140873916996523,0.311572820199137,0.728290200000999,0.215747177722806,0.234472576908447,0.0362304311535028,0.0770082041741688,0.922587289400534,0.0389515965052633,0.0423782264344085,0.0598944009048807,0.0277628718062715,0.722699344710704
0.874797639506497,0.111801657458692,0.143243444427981,0.134615256233802,0.209579624227253,0.78407391606861,0.283324196148166,0.271134392032286,0.0327493524797925,0.0816116135505153,0.925942330972787,0.0408821070409864,0.0474130759885782,0.0407879715207229,0.0193353765892109,0.821894304510626
0.608164278822184,0.26894107677398,0.0916078637200744,0.108444272181709,0.379895435193144,0.778045483331583,0.165341417964373,0.177165055516235,0.0795719075239774,0.0548922912089152,0.888205035650239,0.0233053631383663,0.0750228888617827,0.102875010788424,0.0191863786699538,0.921768570746957
0.878520071426359,0.121294191217934,0.151399460680338,0.170206790645246,0.341237774905045,0.704712062380824,0.234159625461323,0.260081234528486,0.0412261719357936,0.0345347122555522,0.96223025916911,0.0222655384861292,0.0949159978441981,0.0256241295541814,0.011983813522646,0.854781637735471
0.924032269424975,0.186220241971299,0.133740556323318,0.150728197162034,0.339281381411133,0.731487694261174,0.216662917497241,0.321188869902008,0.061218175835884,0.0908953802454201,0.945903624713405,0.0227798014365728,0.101677500529513,0.0376544762090079,0.0175378665016613,0.882455042623965
0.819805483646001,0.276918422272387,0.11331245572403,0.0368286531403347,0.246758873613961,0.767737812224327,0.203591882106226,0.281374931680903,0.0796906776758864,0.0926326780714171,0.933859982212734,0.0175558790487384,0.0560456596155361,0.101488047828983,0.017870788735133,0.805717444032259
0.750286602338365,0.281152117811378,0.100885893694319,0.149464369098249,0.351739809304143,0.680709044693617,0.265881859035256,0.202689966117643,0.0222987334215511,0.0853281827952973,0.772391505429162,0.0114044149440358,0.0518579692731805,0.0306286751659693,0.00473219411522676,0.773515534543371
0.756725847871226,0.281561765079786,0.119169886705186,0.135320807784392,0.24052767949594,0.79322104605955,0.217428614541576,0.274815018110915,0.0710990785819146,0.0893084272931058,0.941165917071739,0.0282564525893726,0.00805925195427077,0.106938475562079,0.0168277650916491,0.828222301803176
0.810506065967711,0.335407142390343,0.12646078572121,0.176608888769224,0.304499358374647,0.701135241290359,0.309484839014229,0.232060949734863,0.0932529128180899,0.0764813898735423,0.935040667283168,0.0179754138548152,0.0390484363722213,0.110473446617648,0.0115623893213414,0.838250577998382
0.808755810035547,0.289638136746625,0.133758691281844,0.118874694755812,0.264606886762742,0.724850497558928,0.216586529964255,0.28831765836264,0.0837232840468209,0.0732989675387429,0.906645335607736,0.0161756715530183,0.0325960913188065,0.101214137821072,0.0249045751824798,0.823792171223766
0.64908719165457,0.397885062255177,0.104074015334466,0.126134604804405,0.341062348481894,0.699467452349873,0.325041954448641,0.219008774115085,0.114957145885067,0.0857457656919408,0.891105798637858,0.024746458938644,0.0661199472423587,0.0755492400750264,0.0027118848509672,0.858329532609289
0.78223959461367,0.2724827714548,0.0967688748862119,0.185599047322319,0.31929501286137,0.665359057849618,0.345942224265765,0.278849002673335,0.113295586233436,0.0903372266974984,0.8486697493112,0.021460973690522,0.0321148936346937,0.079155135506236,0.0163734542487574,0.718555972951258
0.623660760739866,0.316931505136838,0.143575674320176,0.129815153556135,0.262950759157771,0.695091031724054,0.311404341830286,0.20905925981772,0.103091622463388,0.105958357468019,0.86532716690528,0.0226454013444202,0.0273556713178779,0.0713620563918782,0.0193742394502751,0.835121661480329
0.865914945634633,0.376424498743562,0.0860434903024209,0.143922512543181,0.343430318321823,0.745551541559268,0.260375766390673,0.168297265486184,0.10144025809081,0.0823568836612002,0.902328651568308,0.028709849754252,0.0639978799916358,0.099348071930747,0.00957208950659494,0.88597337417845
0.922924114210346,0.293372522886114,0.159342951279077,0.185063502977453,0.336194661636288,0.747480468617438,0.285405226399856,0.203933949916962,0.111024964171213,0.0841826889893395,0.881393891454114,0.0234833814745707,0.0379683045689778,0.0888262491259357,0.0109667178351689,0.889902893244791
0.802408201553521,0.148566151663676,0.127447745226739,0.0978433897846286,0.248647266030046,0.741436401111232,0.271048461728545,0.202917977056359,0.0300872023925711,0.0893591822019713,0.895640610542911,0.024448859109846,0.071521138712585,0.0729859951915048,0.00666319894117516,0.855394112507361
0.745736820118167,0.101596614671969,0.184427024790414,0.0755719051954863,0.22915609007902,0.7805382559045,0.269862708848215,0.201340027430056,0.0380598857976833,0.0967325276750728,0.930516405678247,0.0318109212064191,0.0629940553487864,0.0816941378363869,0.00455816352796349,0.870964149825814
0.831934969431357,0.316137255204424,0.16198255747083,0.133778183569928,0.377699159480048,0.702091247997649,0.247393496576955,0.231155775139958,0.0771518484485195,0.103414618789468,0.930634373547975,0.0226198291452803,0.0935466819703019,0.0629168427739545,0.0155291092137279,0.93035245769695
0.842936682391215,0.310732435681558,0.154781262952668,0.118410665194012,0.390968514649167,0.691576961541374,0.219772040555836,0.232601704159878,0.0715257591401316,0.105192477585125,0.943725289100826,0.0177185704046486,0.0933780054276205,0.0175270559217607,0.0113624921090733,0.790992771965991
0.647303112930021,0.344254378566585,0.10768527201271,0.102002459565361,0.337562340033821,0.707221689027386,0.23436212771173,0.263498076952574,0.0450006138889419,0.0929042985748014,0.897140925916604,0.0382915817445099,0.0572786259569281,0.0566591014906603,0.0170120772527793,0.798687640299592
0.601759957825557,0.372683463236791,0.138388990092176,0.0991186808844613,0.228516453415203,0.785369712333128,0.172883462377773,0.237820538169164,0.0589886567123413,0.0499891731793046,0.809219618012594,0.0276590712711981,0.0702140750739484,0.0498334797978994,0.0175018393303204,0.877472657150955
0.803747843940968,0.384253960252917,0.111251772102907,0.114619078708892,0.261905102387771,0.741426003515678,0.195859195234457,0.158706123617271,0.0593174966237512,0.0377941784833005,0.830262713995191,0.0163707509984583,0.0611778490807392,0.029715916193498,0.0176278758126726,0.82192744022798
0.587416044952037,0.33796400852889,0.118424093542276,0.14468165244323,0.228564660642399,0.726105808638882,0.177960427147621,0.249787928372549,0.0557621815585822,0.0615111756254646,0.898046714463014,0.0331617634496573,0.0806487756139791,0.0526915452565258,0.0241331924758925,0.883337922486708
0.8766363041828,0.264537233787478,0.126335640428359,0.109714593436729,0.345378762911449,0.719879100285823,0.299476049498184,0.255520984099702,0.0268665752669168,0.0759376314834149,0.912637768659168,0.040266609389017,0.0715634384904733,0.117443198353046,0.0100420383031801,0.656075671229772
0.743966765073483,0.204136094866748,0.129916357406645,0.159562743885,0.266382189647876,0.675867715044511,0.299507830593821,0.326846968941512,0.0434535882854744,0.0729912192846947,0.874633061099633,0.0315538250614061,0.107897263241225,0.0947993194640973,0.0179857448704009,0.870213876779457
0.893532887811658,0.199869818107635,0.0792417205932382,0.156498540358434,0.265804060165649,0.70190526461901,0.337273333385457,0.294252950175486,0.0537963766468783,0.0580876573062427,0.881918704603177,0.0221402400941177,0.100785267707321,0.112205059553947,0.0168636357612593,0.828747943674308
0.791673861944782,0.293976833263862,0.107092668759651,0.0951024150935114,0.288369828353953,0.718905683021051,0.317993071657362,0.277491874355122,0.0819602149523097,0.0749702089044322,0.852255903358237,0.0172822534704793,0.0869450556878228,0.0876059186546379,0.0121312579288007,0.87706168706075
0.839641765943761,0.301906623164241,0.0372697996389877,0.132678312838381,0.38315196736656,0.661951855519402,0.290403437802385,0.281856771306624,0.0810627047658663,0.0426408113872636,0.866699905933617,0.0326527150749435,0.075483386041206,0.0809047657179125,0.0221372423092432,0.678832180571609
0.87128005069304,0.363996761376865,0.0398073802265308,0.0875517806476318,0.360539314805966,0.727320787355101,0.225893497804963,0.259948095338573,0.078317719501409,0.0750778074809053,0.868536803772494,0.0297224184372595,0.0989435105820999,0.103144635000896,0.0186105999064286,0.807556559566051
0.891169946552989,0.416952872023645,0.136637783419309,0.171692916699639,0.281228697687135,0.721217728521449,0.271501433380957,0.252566089510792,0.0809417252144966,0.0554037000361493,0.877703660722983,0.0172649026571287,0.0447867378057215,0.113144311368236,0.00870755397873258,0.871569792674798
0.893971840514453,0.346609845191797,0.127596216582029,0.134571541529717,0.26227843477433,0.770174607313013,0.228624014512326,0.215735384509752,0.0704111833321308,0.0676505224415492,0.771900659579551,0.0118659485392095,0.0481657222637984,0.0899329273007807,0.0106711684888166,0.838794277759504
0.696416123454437,0.308615420487316,0.115389887925193,0.0523578496222446,0.212031160964929,0.766702823134603,0.241749935196668,0.143348259420907,0.0287401520652664,0.114097238493409,0.935612830814589,0.0130824771274482,0.0726207433436467,0.0887820555098281,0.00757033622625914,0.768995945011639
0.848801905243802,0.223710889518108,0.149865456979693,0.0337065584008354,0.237501783608014,0.786794316524921,0.244126970202666,0.1846220597887,0.0185304145021515,0.106654935662485,0.895737386210414,0.019065594026149,0.0722787170557939,0.0876042909996646,0.015868106918189,0.881983293184786
0.796757424908649,0.328552718805665,0.148031111154405,0.129518886703834,0.466859746907846,0.641564174190891,0.293886061805643,0.222235179864049,0.0617538190871192,0.044459231961774,0.89125776913117,0.0277192552559083,0.0875764757561632,0.0356197504545415,0.006111447949667,0.79049438789251
0.83461381948652,0.322501192945842,0.0840719152755324,0.137648274805143,0.444835364572412,0.66543933261018,0.230636400561609,0.256485594801059,0.0654698170312829,0.0181787660283163,0.968714121621319,0.018394376614258,0.0898225651304346,0.0243460565642353,0.00397507587799681,0.799847214383999
0.868537180430068,0.233886116981732,0.136229125964376,0.124622195726677,0.460641376611255,0.69542253318197,0.283851954555532,0.192208874749302,0.0240644417001773,0.0462999322739397,0.832685116946771,0.027442643914515,0.0695471435675286,0.0393493925133991,0.00568415862638789,0.920945974945197
0.744950410088536,0.301117900785798,0.0965365236473069,0.0797412073078674,0.352390655776094,0.705671190120551,0.205885335466495,0.257425589834781,0.0347506132155445,0.0873528690552038,0.940563887852198,0.021826682078961,0.0405126804960189,0.0800530560530415,0.0113708358023206,0.900004569562943
0.764262557176469,0.190884097550172,0.147557808336206,0.130642629926235,0.21197745967159,0.724339270507012,0.270650080308523,0.272134037760595,0.0749127500067276,0.112401379586292,0.784962491034653,0.0268035355066159,0.0446000736570029,0.0651145599032954,0.0201596171042374,0.716238995609912
0.835297917850666,0.0582129186863732,0.169340620323792,0.0835081855908456,0.367914618922892,0.69125590353715,0.242463797848764,0.240942936355376,0.0404013348644994,0.0886205558580382,0.863641260506233,0.0114027888678667,0.0796772797553893,0.0496546024177683,0.0221546644258253,0.782341890822906
0.902745722629567,0.0587742544437267,0.146445246350172,0.0551842222659565,0.292830798298475,0.723185636792029,0.259217055076184,0.211439526633299,0.0418620250701145,0.0398030723822061,0.909610015851823,0.0201154137835447,0.0640529559867911,0.0527708144047342,0.0166794166598503,0.870092718231619
0.553028300968621,0.120153761287054,0.0811946750017718,0.109289107645073,0.290696050800847,0.721296757223558,0.273377118996633,0.254585145237889,0.0331196995871166,0.0575097952310191,0.955643402821421,0.044716057574938,0.0279251464255017,0.0701155004162278,0.00280310370701402,0.894097027791851
0.701320020072298,0.161240257625636,0.0505300132632867,0.0844710385400226,0.384635239355168,0.702713429219411,0.234875643936998,0.23383553122595,0.0383353045819596,0.0526332564173857,0.946100129353407,0.0344683091667646,0.0110198012669148,0.0693209736457335,0.0083952070397314,0.884506947146743
0.82973778811577,0.337435678152469,0.114645258291191,0.109739196826299,0.225527849421573,0.775051203692387,0.280136922922585,0.122988342530454,0.072681643884128,0.042207990037366,0.917575076003893,0.0312702228491509,0.0836473617537167,0.0723694497819408,0.000961214969760236,0.832523214904732
0.79822631844198,0.380687162897351,0.181180217274911,0.144175800577756,0.435238158398722,0.768219158320571,0.222522195018035,0.184080296623992,0.0966602671327669,0.132118486553162,0.872480679850953,0.0260447580641068,0.0971777053318745,0.0597196967556099,0.0151000200011726,0.883768792799863
0.799306118328656,0.365697365077032,0.156436034104285,0.0973037627628902,0.301182821678885,0.696224534341624,0.269585048232448,0.350254692795044,0.0661852909839996,0.0981076633427124,0.939595394915291,0.0318362142789368,0.0894586756597744,0.0417037936409319,0.0169408555896725,0.908200956369337
0.786233530830297,0.333511806647822,0.159090054011623,0.0743509468957207,0.296317237610555,0.721812544221251,0.212579340164839,0.273941505228893,0.074691468446535,0.0899538319658712,0.823828657807728,0.0265263096450131,0.100291733713133,0.0528849049169452,0.00965288981956872,0.916456541223556
0.666729955782583,0.340782411695196,0.0912701871002938,0.174971947749628,0.241382660497536,0.782088769285256,0.217963880076429,0.244735499778488,0.0662230850240071,0.108225905120951,0.838516968951572,0.00990501524600042,0.0344640533212251,0.0555475602512389,0.0242052272358725,0.831586749496426
0.805611455868543,0.249918253053697,0.122718040676971,0.0775783131003269,0.270033618271579,0.71964702823285,0.251679344777182,0.344972966847535,0.0752902996434735,0.109441535913455,0.90997252529857,0.018629449245961,0.0529764594210155,0.0248392504241706,0.00961599987295296,0.818409502414116
0.866349531461125,0.170558449320584,0.0770230409107038,0.0716186676829352,0.228677872998576,0.77571001513209,0.237055574302186,0.281883293174792,0.0737037164166309,0.11498957301535,0.913048154265481,0.00839925802089663,0.0399977129989474,0.00876874539548141,0.00829092122114265,0.762294541089824
0.815572772431466,0.179858202371886,0.134867395199237,0.0900144208727572,0.274662989243179,0.744191033493169,0.247049311226325,0.366068662650713,0.115574060084936,0.12915649448522,0.960190002878259,0.027967782633456,0.0445292374457497,0.0122910245751357,0.00808364256225452,0.799137052405579
0.759897109633811,0.26219094679181,0.0785616554264633,0.126599492673235,0.252721578230973,0.773479517885591,0.175418804231572,0.281533426658872,0.0762604800069642,0.132023009641226,0.875240339139726,0.0237458466854751,0.0371660206073372,0.00251280955390254,0.00851609549389514,0.759470412036003
0.808798263585975,0.228159118323839,0.131334909918886,0.0494511014315523,0.27702749708733,0.719390742531621,0.300239225664024,0.291987772436569,0.0633543149625561,0.0901819815504838,0.914956022874501,0.0129861177518973,0.0739834021900775,0.0407081034127171,0.0177329375762061,0.902812937138294
0.755133867791808,0.132416573164505,0.14986238976259,0.0489290245995123,0.282235672225227,0.7339726413564,0.24860376426052,0.314869441730173,0.0919151203374413,0.0780944429504677,0.887357037367225,0.018023288168044,0.0427781883304318,0.0233769774643351,0.016118976767244,0.930149222765332
0.771164483670935,0.103248360856331,0.134573439183771,0.0257851594002921,0.24193789297095,0.700362646092306,0.216279475262594,0.321499719532367,0.0940220996520803,0.0979571058966299,0.877237595150673,0.0245127855846427,0.0153096793797705,0.0181814264088445,0.00711778925355316,0.881162194493148
0.810929577918831,0.190089776167614,0.179419956670914,0.0266588720973615,0.264239512858495,0.766858666740103,0.241849136630587,0.304065579936225,0.0774498553967758,0.0512076869245913,0.907851798212334,0.0192362144762057,0.0674355711649463,0.0331244525231251,0.0172784231627016,0.906010672585866
0.731402966529519,0.225495239913457,0.0741482984303692,0.102457113719828,0.25796388547098,0.742729687961409,0.188686065126354,0.248369112868677,0.0876136502979231,0.139408448458621,0.835140557752422,0.0205891627596864,0.0349762146442708,0.00382538148690025,0.0044442544737962,0.822764828658297
0.71067203268762,0.315595036234437,0.122076708917883,0.11226285885731,0.320793719003718,0.733455085438103,0.168917525068478,0.238619043864298,0.0889945965294849,0.146762899239126,0.771692530508751,0.0260594283876534,0.0340951986743133,0.0443465016278475,0.00744951666328822,0.851465900885127
0.633162949273502,0.356732886461341,0.186184858616,0.0727043508368379,0.287011851702138,0.810267052733935,0.161650446677455,0.191619801251816,0.0794994537835496,0.0944445088703173,0.873321980373856,0.0428247491119204,0.0955102147701674,0.0882775556971568,0.00653025661657899,0.705675473335167
0.670287278703391,0.195687401008921,0.156001436127256,0.124486590482214,0.22013349344713,0.832996258143633,0.148196839754451,0.15711611134207,0.051494308196275,0.0883471043326452,0.945732708399577,0.0442831133591006,0.0822059582546587,0.103082267541977,0.00970197324166397,0.894152738280749
0.813956826578149,0.344270278540709,0.119275095037296,0.0788316939438335,0.340017167739791,0.751651259169281,0.236168137623626,0.145299250618828,0.0695044396270319,0.0674803182914922,0.821161890444266,0.0469176236342632,0.0594805104090718,0.105651805382191,0.00265139817246654,0.734077471812744
0.654847868698173,0.191047944189729,0.183830477148154,0.0903043472876685,0.238152853320723,0.77762254159087,0.216006296178427,0.153947561639447,0.0448560301221962,0.100212871995299,0.847202216562152,0.0433373721076714,0.0571330261222135,0.0961524687683164,0.00866228450551608,0.758361687476901
0.604923659195567,0.37385916105918,0.143387443151691,0.107660660767442,0.259183595192579,0.776150712273,0.189169998105741,0.122446080758276,0.068021835761943,0.0916100199832281,0.881250702225347,0.0463222758959609,0.0751842063370533,0.0911609363461597,0.0109309911134471,0.790752323874046
0.716324086331058,0.157900979887986,0.17920444723035,0.102365816089588,0.248461376891014,0.772949419221878,0.243341770608588,0.189648512149519,0.0586825908558971,0.053788233502577,0.875987496526405,0.0340502648656862,0.0405388322558746,0.100023780707602,0.0104288659696325,0.906969691288059
0.735963056279689,0.175795027526719,0.155682017252912,0.0825972227041386,0.285528113819621,0.774129319167656,0.222216420980609,0.234590445257936,0.0719159112218997,0.0609851453642554,0.950068628013992,0.037156522799426,0.035097767541725,0.102833246169641,0.0060705683903764,0.888990630220424
0.77508390924046,0.245242031021612,0.124700218831658,0.0601533388827905,0.295146786105501,0.743079854467453,0.258669739820761,0.22374625712112,0.0783346538038266,0.0903664664703222,0.899530391314533,0.0430185236799986,0.0509782759756146,0.0775603734372559,0.00210440076480753,0.746626126358302
0.708537376518682,0.245868901632956,0.106217676231106,0.0581232329363183,0.366551355717558,0.758260870750696,0.250285430778858,0.256037294180034,0.0682148060153553,0.0796685099730126,0.898459973925322,0.0369340695954359,0.0603181007868198,0.0933932734487457,0.00449981264671483,0.883706636086041
0.812554767375173,0.290814202958227,0.151629664437212,0.110734411184843,0.264056578728699,0.749923102038336,0.306067593627648,0.25287239410098,0.0603707493523849,0.0799818695685992,0.695442624256371,0.0330117463939378,0.0276905498156946,0.0894462356411309,0.0133275577142601,0.797753858865772
0.819230178817734,0.187447058856055,0.101460523138888,0.0909594067854565,0.262483136426865,0.759660371899942,0.256685002033515,0.311685051772308,0.0487701646162234,0.0311412761181812,0.931415327331796,0.0310290080676803,0.0268909395675094,0.083103650581684,0.0120859802305555,0.774141838870306
0.756653555877063,0.117992401956823,0.174349381672114,0.0562919735817128,0.285258588949118,0.741408982628476,0.29027471653966,0.187880704008427,0.0507716944638084,0.0503573842647914,0.84805353587246,0.0403921876939208,0.0659068565372831,0.097358814190948,0.00198316351419884,0.915828322558253
0.884075096708278,0.100479349966933,0.0808292845077359,0.0348190648063756,0.298471154767948,0.753019980571549,0.296781053812557,0.130107145570039,0.0339406760934775,0.0192890973042284,0.967547361429812,0.0336505265079783,0.086994688604314,0.104030912948777,0.005165829953917,0.864344869149352
0.769407945356253,0.143852439656158,0.172894953438468,0.0887119814751376,0.358980046428659,0.719438046878301,0.305607552986884,0.246359723162541,0.073769745214574,0.0547652316350618,0.895837985866444,0.0407179020291881,0.0588853735836072,0.0832462722829779,0.00701146819319007,0.893041218201565
0.86585158926364,0.0736480293020906,0.116186976152386,0.0511251644169115,0.324873903935845,0.718687004528943,0.294409329665933,0.201063425255239,0.0093881482451633,0.0611882459724997,0.890211724580961,0.0289908426102413,0.0818306050703171,0.0997448388668128,0.00233543796861504,0.711900831362514
0.712476620866624,0.122749243024421,0.183466202441158,0.072001005395931,0.314124572490759,0.727873837232925,0.25301638618315,0.16089294453016,0.0848705805014772,0.0477626646046194,0.788507385387857,0.0268134900845931,0.0451362835473351,0.0809587459615131,0.011332706696281,0.889682302077298
0.755667054447237,0.237544694661766,0.17538316416011,0.0939207083641737,0.352747668509476,0.720806574312922,0.20289564786532,0.30062313804987,0.0505801163362749,0.0560715030675288,0.969615010808333,0.0313803150749874,0.0599993864689705,0.0760040377453686,0.0185806094821797,0.769863319492282
0.658270363689795,0.297268939265023,0.0871116396307571,0.0959459283731869,0.261637683588915,0.737259536128734,0.180580892001777,0.265907412892246,0.0558537904933725,0.0643845637817719,0.857909399320175,0.0347445744370925,0.0420300891018118,0.0848793741376219,0.0119460643836172,0.797521700719681
0.898331417787616,0.199103963727902,0.147317647181992,0.111264034562138,0.376171298082487,0.744333893641401,0.273862990825707,0.22359803240413,0.0448016317270468,0.0338812398225176,0.912219257730444,0.031854981219454,0.0529609012412764,0.0762164026621495,0.012601687474645,0.829515164554634
0.89639164200976,0.319139875138485,0.137963982273623,0.0298292249088575,0.216338658076602,0.804210773273031,0.158582812180889,0.222193164439447,0.0994527572651376,0.0819670775959418,0.885783703421709,0.0194600242885169,0.0576221029063842,0.0989172744709016,0.0131819353581688,0.887913013380112
0.904705562935744,0.274659261725799,0.137558763990465,0.0389472837464609,0.240917615158747,0.801176245301921,0.195741762528221,0.256494896293705,0.0878687035531954,0.0701676026916018,0.848237353836707,0.0278167836197807,0.0674920718871946,0.101635615464944,0.0107589780911787,0.924639331430553
0.922974380504992,0.11719897705878,0.140573409605233,0.107395871854977,0.337869162198388,0.701792530218031,0.318407190376152,0.273675391274843,0.0154315357379377,0.122168602264738,0.822127671350246,0.0370403587409403,0.0287799683050959,0.104927208944988,0.00819305731279515,0.704936184635101
0.874312246435197,0.0836525762916082,0.161110840404539,0.125530545363689,0.342008492627684,0.711862173524463,0.349433562248422,0.31058885870766,0.0288468938823629,0.0851430714125977,0.928491482474518,0.0300026279321853,0.0536331406564645,0.111134155191638,0.0068472321762945,0.787837016993403
0.753061142447766,0.166067952748299,0.147807773651616,0.102676748751696,0.32409696302389,0.665887804990493,0.247448219524896,0.312647827967772,0.0187334059584426,0.144436877474353,0.716246731010415,0.0324928185374283,0.0281808027609775,0.0890168460686802,0.0154850116138331,0.79357847756693
0.843307339086189,0.262787437563309,0.146803997075463,0.116832462967844,0.41246432330429,0.734070814108113,0.238205063340966,0.2751024420397,0.0318782537044412,0.0942703793144721,0.934861148921989,0.0369289188724674,0.0334421007031954,0.0989369957207846,0.0114692323098394,0.78850346505814
0.831824307182911,0.41061801675506,0.030638381732646,0.159718000824238,0.313510584480805,0.729333569819726,0.283765904843417,0.325303168508493,0.109471402510443,0.0980347604791378,0.616454042159572,0.0315419198319797,0.098652878903521,0.093268588392002,0.00415477373402789,0.517082749373992
0.819124969974998,0.307045265242225,0.0857043075561774,0.0738055806291006,0.225884408163234,0.731823354924033,0.333775378657621,0.362947344302333,0.073925981590051,0.019902776594657,0.86017986459739,0.00294605845598043,0.107251733534469,0.0267136600564565,0.0293463607349418,0.537614074855731
0.646497472363978,0.15596692017106,0.0964944887987935,0.0771054555670053,0.20673250198662,0.762805341690199,0.266815532111519,0.327023029986605,0.0879299366563022,0.0137618583050751,0.950001830171797,0.00890757512322331,0.107881721044899,0.0245976778955643,0.0273785508728019,0.692632993503111
0.834247972268151,0.40549070198572,0.183853538207678,0.10946381843462,0.337703442829257,0.692957288879205,0.241217485798131,0.30809722225257,0.0458764831381522,0.0634513902890943,0.885547981569622,0.0249332623125756,0.101281726847165,0.0197050348025986,0.0260253038784502,0.88672634894207
0.728772386429195,0.376953241269735,0.185413265590486,0.150829048443185,0.419153346777251,0.653484975109527,0.243832548699204,0.363596155520059,0.0657119876381455,0.0587833388167336,0.91148049908008,0.0149696140723067,0.0966012140628654,0.0274644148893999,0.0266838578232309,0.897591055380168
0.691558071092662,0.197407596645225,0.146097043638216,0.0958908098119861,0.28211467107185,0.729703673146506,0.238651742652493,0.280851399391335,0.0655906858606803,0.0225543661712952,0.894416679410137,0.0161310226539841,0.0842004514294979,0.0312973409563382,0.0284506028681005,0.760708060741202
0.564748947346951,0.146303816797609,0.125200425078059,0.0936629001197874,0.333228549881389,0.730116236259811,0.262590106809879,0.241533438043613,0.0700093637298899,0.0288207138180109,0.87585307197072,0.0244483907851157,0.0775730723719349,0.0371585115745442,0.0287795352120291,0.748032550601822
0.765958509573393,0.36730944674463,0.17710142876434,0.156235984366826,0.282760529769414,0.754790475420605,0.244163054282971,0.3077901500846,0.0395999979672109,0.0216040864037901,0.893605416969113,0.0200531482355533,0.0908596328092771,0.0422215331060882,0.0233453653737475,0.701556106543158
0.747487694443216,0.212270148112477,0.139315940091231,0.135132660075863,0.26839845339046,0.750475205041252,0.228306960182976,0.224817640208526,0.0714011369616917,0.0833290047114771,0.813790570751705,0.0195499971430131,0.0731007020330816,0.00559259352472863,0.0269547941845765,0.91071871121325
0.884389755899387,0.223992242765796,0.134486665962965,0.148641349794144,0.308812724155411,0.733712186555898,0.125788053269764,0.284912400285933,0.0618251151812924,0.11277284183944,0.838789485860952,0.0108483959527497,0.0639398173419199,0.00252525193240572,0.023890326997914,0.869447668147355
0.740174179707186,0.251973205757578,0.170431913535492,0.162619467327078,0.304195627004688,0.726368656437905,0.223858780169003,0.166501601446709,0.0560899835441381,0.135783278545265,0.858390875145497,0.0174827637943206,0.040986241967089,0.0235581082194665,0.0249452663493866,0.875486260847221
0.845799693605389,0.139130951957368,0.0700941050171232,0.0941797870154914,0.326775995459423,0.653031673790574,0.335714391463151,0.2979003585241,0.055364773188474,0.116705478686097,0.858850792846647,0.00250149280633294,0.0464372467405242,0.0166421296318294,0.0181836030027514,0.819556733871864
0.73129789603061,0.26529266546844,0.0448062227583421,0.12945111553792,0.273022318958227,0.768301123613011,0.220723620677461,0.279221251017742,0.0833696599594324,0.0954988673375951,0.927416233251884,0.0387345598014942,0.0645331829913648,0.0984105208249849,0.0116325450262548,0.904307585614111
0.808832742526558,0.235143094472863,0.0325615637205663,0.0922912605350509,0.260235178242171,0.739674489636056,0.227137182746275,0.326673061948317,0.0968876180562664,0.0608254983691691,0.960365963668947,0.0374912974412745,0.0633685169778861,0.10813837509488,0.00525056606714065,0.923068849638398
0.652374831579425,0.397695971589938,0.101178357709948,0.0895478774566425,0.448686389341363,0.612391250029265,0.293689247615027,0.257589008458065,0.0937296047793909,0.0809571367060358,0.895745213535244,0.0200514735247663,0.0569995206507011,0.03798290675934,0.0116087915875766,0.917709611220911
0.721120660338856,0.199057936731939,0.193290978283349,0.0906800990177377,0.271920415245218,0.709185371367244,0.23552971459851,0.269509212649754,0.0849443765829712,0.0587601403544669,0.877008008232373,0.0264428180160244,0.045190393057798,0.0291077153631902,0.0260324734514071,0.795026944086688
0.625655931360531,0.20179504647214,0.187588582201391,0.129862610905374,0.249662933075526,0.736772131720174,0.245124979200925,0.246845871529456,0.0835379080716664,0.0494549975899625,0.912075270833315,0.0379813599861315,0.0330523681567807,0.0610232850255725,0.0203749752105303,0.835631582470927
0.709453280384473,0.260617186325655,0.18515185189351,0.0960053233659616,0.252316477867334,0.706262881923137,0.231176382230798,0.248738536534038,0.100820307937107,0.0572374877560317,0.838896707428725,0.0328170064450494,0.0205327116890694,0.0258713325357343,0.0317872286361706,0.77756969407012
0.751060848888289,0.23929343638084,0.0919884662204905,0.102646810935053,0.396866504116249,0.67519014370398,0.217037930490266,0.337895725959082,0.0252646970408652,0.0943867405892313,0.8884275355865,0.0101227207507545,0.065557406940425,0.0622063136157043,0.0157696602620315,0.917869727841495
0217572031447468,0.759495885353309
0.775531699895583,0.29758774044257,0.188754991879112,0.146619792350169,0.622921781331343,0.42945365290535,0.452013786904887,0.692305250037626,0.122274839245119,0.107793064394071,0.892360307372531,0.038529313861801,0.0960341547687931,0.0596219240291268,0.00539235095754725,0.803627714188265
0.700935069657173,0.218204879046866,0.217395415110253,0.195226523791225,0.646256300231127,0.492350348464453,0.412448729753871,0.668253109384065,0.116252223971724,0.104206461796029,0.960816812352293,0.0593282665869097,0.106515322268296,0.0606077480786199,0.00768755359308435,0.771288505163845
0.798486649795483,0.1991455292149,0.156031461905092,0.162048079199274,0.552934157108987,0.389641523606901,0.594311874479219,0.712484079139862,0.0937773789062727,0.082888461787181,0.917985665797112,0.0396392614551929,0.0896558924370389,0.0835754214667693,0.0169038096122532,0.824428463938581
0.749190293051167,0.40696238182252,0.210430875719642,0.0949579802315846,0.490390882264423,0.451619164291187,0.4883443584713,0.693219568755808,0.115958916552843,0.158855395034299,0.809890587879924,0.0438791597588774,0.0868655918045917,0.0806605237477634,0.00916072554196919,0.881796416149947
0.690281373208533,0.380185778713207,0.24966265901882,0.0949914069898278,0.560176883023166,0.495261191289724,0.545821251661828,0.582473077413594,0.0667687226970658,0.100758452213592,0.919038525192407,0.0359403674935803,0.0415563132921706,0.0305687824072335,0.0170999733127774,0.871335927099638
0.617268160704779,0.243327235071371,0.195770817024448,0.253763329702343,0.586193312243318,0.448442987647781,0.49712512943394,0.562980137161229,0.0787877340069272,0.0427248476939676,0.90972153467087,0.049849800817881,0.0536040718479854,0.0969234816162527,0.0185274896001932,0.911154751524215
0.763018482854954,0.234461408526635,0.197969333417384,0.212344537566823,0.592734203239216,0.509234933148184,0.453820622796708,0.549324085853712,0.0771765372560492,0.0664006494251404,0.899169971783577,0.0439554812748599,0.0645546882801201,0.0763346416148033,0.0134652571225811,0.816582811031352
0.568256504127745,0.237006305533211,0.211333773830204,0.278009827577118,0.469520579006915,0.471050265550073,0.524823405343652,0.580402890288745,0.0854986159219399,0.0402901545494428,0.922906808710731,0.0569254631838655,0.0523583235420657,0.0804212136952868,0.0260701973086644,0.905242437973476
0.781426523248637,0.199301429036443,0.194388777859912,0.235731443868882,0.46477253912399,0.485676322539095,0.704788591603166,0.425268552631749,0.082916411110972,0.0178216133890031,0.849161061512663,0.0861144550432417,0.0780176158969838,0.0590953707724068,0.0461580492482839,0.830010265596247
0.738832010011927,0.200650779973815,0.260434082179099,0.223619486521573,0.493419753336911,0.438685590244244,0.660053372242237,0.450799716809052,0.103486493250081,0.0742437634753513,0.932346324440587,0.0802318738435607,0.0644989586652325,0.0670957425308847,0.0407976768153019,0.79706591680077
0.650689098492001,0.333389906823726,0.268403670455012,0.239066291204128,0.528940969492104,0.428603858243029,0.618189586830994,0.501213705163901,0.0723099177440313,0.0389684226782497,0.941012477741678,0.0726518058452032,0.0951744409328136,0.0473199222193913,0.04138283108207,0.77794818622508
0.811368973750009,0.300262292187182,0.252710676954388,0.175290459936433,0.519188362784339,0.453214813251066,0.612014711121343,0.485233813822783,0.0692936159439066,0.0407536646115483,0.875891200786196,0.0686574867316243,0.101882737875976,0.0424809002597928,0.0405894107129046,0.750228985210796
0.668338089244235,0.460926953335216,0.277991282088801,0.13235750489913,0.537309960548454,0.462273322279791,0.423781336303081,0.562989315445235,0.0867650232214382,0.150802931515462,0.857019534102216,0.0238634229367552,0.011139820996455,0.0457281016033293,0.00829669481957133,0.868080312702981
0.650864652886355,0.187658136509026,0.279556901672074,0.253287303761711,0.533545881385491,0.503898044762507,0.458354521726679,0.531497806202654,0.102575417543855,0.0549748524705993,0.907844302055802,0.0577991489791349,0.052473695980055,0.0246643757476177,0.0436029230617559,0.904277662513256
0.651463136748838,0.331783579640343,0.231813516489973,0.30841713327766,0.438539291200324,0.563632842960526,0.503747985658544,0.479012664267783,0.105526603102076,0.103213288341147,0.948414160705698,0.0324516087721949,0.0271894406965601,0.0158977796615727,0.0347742249642583,0.861977519623549
0.35033180042672,0.213108984781426,0.14673778488401,0.151873235532136,0.544361789994529,0.468061760622631,0.768399222255784,0.471434584342435,0.115492598800868,0.0481722684703657,0.919418892697387,0.021828392616546,0.0964906344811266,0.0802450863118051,0.0240857957716037,0.929409208365457
0.476011305064747,0.285215544170894,0.146207341074556,0.201303526871318,0.576908353713266,0.438096399363003,0.721507827385313,0.531776365307021,0.0988188951426626,0.0297851869091326,0.939237068940387,0.0189057518810328,0.0765319365646344,0.0932892801730292,0.0115413058135145,0.889003401948365
0.735255966575555,0.207004823762891,0.118659823281812,0.215116692220644,0.595822424476264,0.455175297878644,0.65089864663287,0.540702244104055,0.079744044839162,0.0333193761251093,0.897434665108797,0.0376388657139063,0.0899838495620088,0.0742878538448254,0.0259068804081079,0.834110033215391
0.543545158355541,0.329559105426696,0.238346412083402,0.250528171398096,0.590160731888783,0.406063130798146,0.521327166469037,0.484281904595597,0.114687257391553,0.0514564523517419,0.922798580788809,0.0406272296428119,0.062452667395776,0.11784452960365,0.00308202259896203,0.890672102520155
0.658683430554378,0.241628770889161,0.205440606526632,0.235224382121895,0.580057788289385,0.460990296551475,0.441819897497025,0.529618817284574,0.091404195162653,0.0889137029814804,0.795646105172633,0.0447652533354941,0.0367408881561085,0.0910702104343254,0.0242998265992448,0.864548665858358
0.665682925861984,0.260728593691303,0.226439232085886,0.248000593466362,0.564875730146336,0.43933767132057,0.582636381101088,0.486932169299447,0.132957318928733,0.130120263955508,0.750293887250289,0.0570980423040831,0.029851422139071,0.0681930229616326,0.0153010081286221,0.881661778142451
0.757504175034987,0.455332047357252,0.225901929096102,0.134342707482332,0.558933612112443,0.490237331790175,0.443096604393504,0.546438823814616,0.0879770706843652,0.150233762144749,0.95233050718371,0.0178307877500596,0.0213432221600229,0.0522574162432788,0.0067534782909551,0.881776513692137
0.55872389680209,0.322717523672972,0.111865430134442,0.258361236566402,0.429052578964312,0.45368812051659,0.75325225900089,0.732624579316243,0.076219897986561,0.123704394726829,0.8717006707692,0.06937547691754,0.0749924231517486,0.0463657198443881,0.0165127179789285,0.88545087071715
0.549551860685348,0.197831287395713,0.0908741469898017,0.3209204535502,0.49950997241619,0.449240989642104,0.700631269540814,0.605584779921206,0.0830649656175668,0.099177523207162,0.902922767873283,0.0515842373045407,0.0876307340227833,0.0448615210005601,0.0301117087162788,0.872316892800115
0.528512578731662,0.384549917555899,0.270766620768187,0.179984982006557,0.577709189891957,0.431793148807963,0.514812196698024,0.732945058130104,0.0658054577953239,0.0305431848468416,0.721787817651904,0.0751773597244246,0.0330206595619103,0.0687595261015286,0.00508290350248532,0.908475795874932
0.659036350215119,0.441890783386662,0.273224866808277,0.156770303967952,0.416462940807386,0.467744771006733,0.585866589016391,0.682555469875046,0.0813055858826954,0.0596086608709507,0.898355766728886,0.0828784241368242,0.0582143605711092,0.0890541512029565,0.0089652298053044,0.907208537595293
0.667562026880004,0.355966281089944,0.253077359687663,0.215795582718646,0.557462708105023,0.436439010902923,0.49043834607138,0.614778203464235,0.11426201035434,0.0747534172340962,0.821716626271291,0.0508982041703177,0.0296377673779991,0.0810760671378103,0.0192164626547097,0.802187234502381
0.63813010753065,0.240777021821522,0.257351871790755,0.245815466128795,0.470277678060299,0.470295324249232,0.436207040317751,0.687325325297015,0.0846451335596494,0.0399720492891117,0.881294439017047,0.0784039266657044,0.0278652426582276,0.0744453797219067,0.0168842016158614,0.797962934942976
0.741372962863739,0.323621778531253,0.2709416415396,0.225083299215826,0.575241947286015,0.410856570552594,0.493262657073498,0.732546608908569,0.0749293061258979,0.0748129004141772,0.842427772009927,0.0853808686485253,0.0119516866821506,0.0943366317277667,0.0194547895650451,0.801156410299671
0.71731359819091,0.358582928729195,0.231137846443239,0.236688235558333,0.549896288059478,0.378548820291556,0.536676179051907,0.697718770308486,0.0897548869586572,0.0678835580532898,0.916651624980328,0.0529238212454087,0.0445289217647703,0.0735398893187081,0.0223011757783213,0.729891398147059
0.767183877345708,0.214227607442879,0.281460485360375,0.244688406813126,0.590244904855067,0.491033437092006,0.561526109153143,0.467172562580516,0.132729802907689,0.0660836463260121,0.872661537831954,0.0644769281729481,0.0796753167715473,0.0710529836576147,0.0400218031551898,0.890769859873639
0.832256479997903,0.267465339810131,0.267062245647754,0.200540899809537,0.54422473173783,0.467751109952341,0.50489230714995,0.657998186953039,0.0963833745784301,0.0702426942821495,0.775947211438245,0.0714477082683374,0.0628270899074454,0.0732723024108652,0.0308266220750405,0.911637123293344
0.701344629485858,0.290143441036481,0.277232011934682,0.100255799888247,0.52954597742555,0.463833167350808,0.480941274131188,0.565138068815234,0.115993211278514,0.0394767937829324,0.899938992152945,0.0646793461093948,0.0707159898895725,0.0673203874376732,0.0239451824348813,0.883462077798498
0.753613496101314,0.301288687079762,0.316333446453895,0.0900941450889441,0.475145471899453,0.494335575366323,0.455477277480105,0.60644343632655,0.12835017542437,0.0194870406652946,0.901417221598783,0.0809335516936605,0.0649476133406891,0.0779970464542895,0.0233735878929407,0.866761965637943
0.826122912391315,0.236719372908892,0.21685107961488,0.272093788370754,0.674658144876666,0.36659108989541,0.608306832847458,0.603296070121255,0.0873462928758645,0.132204338038027,0.843082805495971,0.0710893883087111,0.0529449642758033,0.0207087633770184,0.0488974007143985,0.764100881351378
0.585874494454916,0.200903531899257,0.138991069045615,0.17957200380992,0.61689690433844,0.413579822052822,0.585490389588907,0.699033390384955,0.0762445824931375,0.119143139293403,0.898389055408623,0.0418547462709021,0.0452183334281787,0.117508862618741,0.0312686083679358,0.878355869826122
0.705227943148506,0.310123641600303,0.269064080573906,0.22288923667028,0.463118340313677,0.450800841340034,0.542776193287024,0.594728122275171,0.0854998444060604,0.130027122750431,0.903031533602227,0.0652794074193424,0.0460302576199623,0.0716910011798663,0.0268861686185306,0.849233679085688
0.697086735851433,0.151531509388352,0.210535899320856,0.249457613564638,0.449161697384991,0.544286212593845,0.533902285542499,0.400955251210088,0.0922422245662929,0.0821914421000886,0.887311578305006,0.071056523463616,0.0769930875882019,0.0307827827114514,0.0205707554035752,0.847572184644914
0.859235480942215,0.136078718772256,0.194221370135533,0.226327112110122,0.467551453595741,0.511693158549458,0.523817921566593,0.40956764120693,0.07632172702745,0.0677080346634795,0.896507544638003,0.0462307495464393,0.080266002072254,0.0339006916452028,0.0270699952172417,0.815818750267508
0.824742723846122,0.201779615099547,0.23720793390984,0.181149966774814,0.442791137077875,0.55837891888727,0.466188629005538,0.489483521154099,0.0885613603314102,0.0531887986439173,0.913594551201435,0.067788586327727,0.0790066986500472,0.0264876559341617,0.0143124552986255,0.870986865958873
0.82453126420743,0.199888358771014,0.230871006301429,0.25369813389616,0.437934067713508,0.515342498157854,0.47988385593969,0.50352481852972,0.125710799967471,0.0682269965353599,0.886336497792418,0.0603286288596579,0.0932899832243149,0.0258647369071079,0.0324059925710124,0.846162335103821
0.786255411638635,0.1654089162544,0.245836393505934,0.148333248365507,0.472515641067617,0.495563380683057,0.512058730298219,0.474673543289413,0.0773931062868694,0.035823701423977,0.840835298864309,0.0377922313692761,0.0531919042124485,0.0040371016063149,0.0257926149827805,0.750222024421192
0.671044353070325,0.230237364315812,0.285878590026271,0.183111726861782,0.463687053262589,0.501477223551988,0.541769212080303,0.487045075076302,0.0876695531315542,0.0566451898328179,0.85883302389641,0.0195211797886644,0.0457618587857639,0.0133859628764585,0.0327747565919853,0.795734221424975
0.653075811970609,0.465076379166197,0.313282212961395,0.143674641132631,0.431652240194836,0.553366624597191,0.519501935594285,0.45627644960327,0.115061777588729,0.0355797657237062,0.856928290841382,0.0213373547819329,0.0323437063842073,0.0349434703305463,0.0384260636586458,0.81282885145266
0.728538057659731,0.416051345145524,0.235672695362479,0.162719113301062,0.396388839987162,0.604166063507798,0.444910834086124,0.436938190969734,0.101706737367861,0.0388378369450524,0.877350643036568,0.0171127674332491,0.0289168833062261,0.0268954341800923,0.0335438659314193,0.827505755242346
0.864772443739599,0.386109847166215,0.281354655320734,0.130869574479372,0.47222728327416,0.481295090918245,0.500833796052616,0.444842812965272,0.0930016861514233,0.02327735135064,0.883495886763859,0.0394579298385488,0.0580183262959687,0.0457799606011955,0.0345174594532607,0.861187576850475
0.846505518670098,0.324394881049379,0.316251723666534,0.127393082257181,0.534173597734751,0.443536364712608,0.546734051651851,0.516558955854299,0.0814427171003858,0.0215928902183447,0.865147695142919,0.0371672484546639,0.0780017204564036,0.0461435353842548,0.0317663884904646,0.827945933982682
0.822961837109713,0.318719505035768,0.214332649831517,0.109693633791773,0.598318786513161,0.514897226838873,0.581661606387854,0.557941677188937,0.115035106335091,0.0750283121870235,0.844529754094952,0.0795240146241563,0.103457237288423,0.078622346875787,0.0300012394241328,0.788290294747662
0.815157300041093,0.30697998156979,0.198211164760481,0.113183535846345,0.617049859913125,0.42148869377073,0.647932560274334,0.527663925462501,0.107549878985044,0.0451351156357718,0.835777852658639,0.0660612822010051,0.0985302817909363,0.0764831478099683,0.0434190288062063,0.80467573427606
0.692515476082364,0.153443364601183,0.193235732769063,0.279096885784395,0.572651605080845,0.406808644615539,0.538780510354765,0.607715209560201,0.110271267973794,0.127086967966987,0.864423879682884,0.02281201788363,0.0540012228266326,0.108490402404555,0.0312487220237847,0.867620584289453
0.563973505476892,0.343614636737046,0.271117742761619,0.265297382844535,0.599693466706384,0.422914973747275,0.574885999810787,0.761379197382966,0.0442421637664469,0.107699045819393,0.904161832125677,0.0712701088441782,0.0691075893441975,0.044323003352999,0.0252924623564439,0.789376286189654
0.567057319214829,0.321363096770184,0.213494532717628,0.285833578737635,0.648326528358355,0.386717045315272,0.554477715633629,0.72130182910714,0.0438855265857513,0.138604244969146,0.874228061083702,0.0628468233310704,0.0433460313076187,0.0385714740379069,0.0337737786072054,0.845743719161979
0.681147719294534,0.311553296024683,0.191358873064366,0.246667376228102,0.532281631136971,0.475656041649856,0.478471807142609,0.671545205774356,0.0376970862785161,0.136498161873102,0.888334029349714,0.0595736518957601,0.0291522377631937,0.0445359573953035,0.0379306204937211,0.824328377760015
0.543611899638205,0.407675714255867,0.274317919226615,0.265452025889527,0.544387269251231,0.41942402177059,0.486246476040353,0.770312817896199,0.0494147698027551,0.114114566344226,0.891222300086283,0.0818390492536982,0.0766908096485521,0.0187597411805094,0.017235873238853,0.803462082398909
0.637404843499513,0.341033072420652,0.2146817548302,0.24093485154181,0.588531420116876,0.411304405872465,0.502118626934792,0.654990760066601,0.0801115189769879,0.11300626300147,0.854072147211446,0.0784865289089284,0.0772751253212303,0.0265212953977802,0.0260875723253917,0.730029601618354
0.659459693142172,0.223458542099509,0.247732108387757,0.230644981986187,0.577556290397106,0.429429318407268,0.518023631704075,0.677642572672857,0.0798695285754083,0.0998709579045588,0.893321530999147,0.0721314777334746,0.0728314010701128,0.011061753892874,0.0257017488583326,0.795592539026353
0.633325609544903,0.268264552663021,0.211999968071235,0.213532758101114,0.413438205378801,0.58049520803174,0.522836917267997,0.687624704363133,0.034290666353672,0.147194527797144,0.92006439609551,0.0446492123652952,0.0442347057372805,0.0654550282874748,0.0386830290132307,0.909938712865479
0.661817921072551,0.340122226603729,0.182722677888788,0.231780870298222,0.579789086042531,0.47444304845447,0.436712079538339,0.664899686265426,0.0388127419083629,0.130504881039507,0.920236179995028,0.053515246917458,0.0101667393844062,0.0498884528988959,0.033019612723797,0.863098396843242
0.718584647393254,0.322947208481119,0.213357958591805,0.291801833990387,0.531233280463752,0.395654329360461,0.537925014581328,0.715155124740742,0.0590853107848136,0.102876046658028,0.872092787271595,0.0583041065597393,0.0375302684879275,0.0582701099032155,0.037630772215314,0.793590174867106
0.725838413540141,0.2386905754689,0.25724314004888,0.276459812568584,0.469925567181063,0.473685940618913,0.516421241474457,0.693001228728102,0.0483147814870343,0.111308051649749,0.819533034170447,0.0623786091790249,0.0454806598995563,0.0619969879257515,0.0425094603900537,0.846390397788073
0.667008379363872,0.294057892679782,0.243885786921039,0.305255958308395,0.517763354533876,0.481363181452938,0.496662342353808,0.678040350841826,0.0448837498603377,0.127199547266435,0.809723187767166,0.0706059748324092,0.0282931355447074,0.0359644889884971,0.0374974594378556,0.842049568496249
0.660148173787863,0.10062697341637,0.14773229386043,0.327793126611386,0.620835355731509,0.273712258127657,0.644057927208887,0.742803339657626,0.0421085742940195,0.103508925168738,0.93485998148931,0.0390262353961149,0.105228705117493,0.0436437203785994,0.0139932317746141,0.810689039253678
0.794494887721095,0.250927570505981,0.223559597275496,0.180986333974191,0.593756752478857,0.420854487411448,0.651087560653095,0.594672345426659,0.0708813538112496,0.10819586289382,0.888354891618367,0.0481768022954521,0.0782513788840834,0.0722939049549132,0.0433146047313391,0.850193470383189
0.825078551053037,0.301372239029722,0.246560008214076,0.170150725544965,0.673273677352187,0.395550719345241,0.590959764105424,0.503506350015015,0.0505666892747527,0.104511766537721,0.858127076891078,0.0481881131948602,0.108703885893984,0.0786262838149314,0.0468383246516343,0.904174431080067
0.722705170658273,0.226942990823306,0.221000963509243,0.260892774026739,0.645022573867876,0.416157891279184,0.630473966525067,0.591366104122244,0.0591033678805182,0.0679230506748219,0.96334138641309,0.0417169327676156,0.0668562730602487,0.0947708902567132,0.0421709498194929,0.843092303930644
0.776451225544327,0.297874344798496,0.247027579630311,0.189565906684048,0.725726246463634,0.342001292331581,0.547971576551921,0.758007429316625,0.114460699420489,0.0815214291529765,0.780710497289949,0.0281175209960687,0.060575482739847,0.0913970979421518,0.0258722305414333,0.903791893319131
0.715477412842781,0.3721580443253,0.207263755107669,0.213976612083152,0.645079487339347,0.432795914899882,0.558512730617065,0.608872612889029,0.0846577609180481,0.115734138109509,0.921754933793127,0.0306701839730334,0.0758508313024962,0.078811136921436,0.0253208340608666,0.863780911103878
0.686741305582284,0.310625575900259,0.255512814957038,0.174879672851704,0.708717440391449,0.35220885055194,0.608094227096755,0.633541070892389,0.0787035150342872,0.108028443213458,0.814738145781153,0.0528241794122762,0.0470686448554632,0.0628044020220933,0.039146695008831,0.817500801307764
0.720876585089272,0.303419242376967,0.187132473032676,0.140566615420648,0.563034389779877,0.447706838330056,0.538072434211512,0.615433446863769,0.111703724236169,0.128805001982257,0.933934403180925,0.0463386355221652,0.0986102922148733,0.0837531958243519,0.0280473042873667,0.778858006295811
0.663462450276107,0.371191790027354,0.215490601461664,0.160043492472461,0.685801273621813,0.366947624789263,0.581272898292713,0.708890218305576,0.0921836262684009,0.128403098922125,0.912118712334634,0.0623138441392937,0.0738189006497818,0.0696928292995287,0.0278892308592697,0.822221068979167
0.786517462861259,0.325598320077657,0.229724433440793,0.157506114853436,0.680127206153948,0.404917528139208,0.515935009984995,0.634398779727286,0.115895032331429,0.0700932035902638,0.864420541769732,0.0342948556753452,0.0585699808313209,0.0708383244129407,0.0243978034217254,0.876357423014009
0.749498233034673,0.326310068950586,0.168617502940173,0.178788556522506,0.621419643932258,0.431819607493468,0.505233571915698,0.690660523696384,0.123398365210053,0.0839482465775851,0.916612599882468,0.0304800056363392,0.0719258657833351,0.0588271372352974,0.0131639832993905,0.776767491705894
0.573103749747798,0.096022966012196,0.239372709619136,0.322738855496325,0.44992310319177,0.498948351431183,0.533716041872704,0.478272807442992,0.102672966866604,0.0845592281545382,0.793926251707384,0.0568318615331004,0.0678752017018797,0.0386572422596374,0.0162561735098665,0.921884772946453
0.787278448794387,0.126017996472456,0.241355026288389,0.297723588742282,0.460948344288522,0.580077428533475,0.485456976984184,0.493289312212584,0.112162128498375,0.0780637003404497,0.937622757707033,0.0611584685706425,0.080731737851987,0.0198298620353878,0.0115967427958957,0.915319330295446
0.500575390235912,0.155855763669133,0.222675891673696,0.311716295417908,0.519159482410092,0.407333106941248,0.521446242810048,0.570375865868622,0.127850045448245,0.0934305992503882,0.830629377753428,0.0505741483367294,0.0631330552195703,0.0594762898937318,0.0151445823782204,0.855602993961554
0.587817628175145,0.219446124671463,0.229681769125755,0.218783244411776,0.572250549749332,0.507500018351511,0.447488876533715,0.497589127777501,0.0885769740933689,0.0572668098965522,0.846894740348428,0.0375999330272285,0.0478491553497454,0.0539533432761063,0.0181028858627692,0.775463310147674
0.576668384427697,0.103465287669249,0.191683838312387,0.295077163010017,0.536797449712497,0.487574588956282,0.463434518664928,0.548752381698932,0.106727107185499,0.072597185713537,0.891279870882974,0.0605060402320301,0.053079062033073,0.0545804377555454,0.0147786627876515,0.838311322263587
0.89590441225568,0.2412564425885,0.162714125807593,0.160340831429876,0.65671531647813,0.412229650518378,0.557836223187273,0.599186830886691,0.0743985664558422,0.0610732927552867,0.820522009995256,0.0289175705819252,0.068161639439585,0.0763476351426327,0.0407444932783434,0.807782100155991
0.657022293910378,0.29842796577321,0.273771276321861,0.310390572642105,0.420167241182313,0.583941332187732,0.476453342505177,0.4984891364636,0.116398389490958,0.124534732592471,0.966915895852135,0.0315953606845055,0.040714634767467,0.00428886575107093,0.0304435913388802,0.842080601968696
